function,module,impl_block
lemma_from_u8_32_as_nat_01234(),curve25519-dalek::lemmas::field_lemmas::from_bytes_lemmas,
lemma_cancel_mul_pow2_mod(),curve25519-dalek::lemmas::scalar_lemmas,
sum_of_ristretto_points(),curve25519-dalek::specs::iterator_specs,
lemma_words_as_nat_upper_bound(),curve25519-dalek::lemmas::common_lemmas::to_nat_lemmas,
spec_add_fe51_limbs(),curve25519-dalek::specs::field_specs,
lemma_load8_shift_mod(),curve25519-dalek::lemmas::field_lemmas::load8_lemmas,
VartimeMultiscalarMul::optional_multiscalar_mul(),curve25519-dalek::traits,
lemma_binomial_factorial_relation(),curve25519-dalek::lemmas::common_lemmas::number_theory_lemmas,
lemma_reconstruct_radix16_even_odd(),curve25519-dalek::lemmas::edwards_lemmas::mul_base_lemmas,
lemma_multiply_by_base_power_addition(),curve25519-dalek::lemmas::field_lemmas::invert_lemmas,
lemma_rec_suffix_divisible(),curve25519-dalek::lemmas::common_lemmas::to_nat_lemmas,
lemma_pow_mod_composition(),curve25519-dalek::lemmas::common_lemmas::pow_lemmas,
lemma_even_sum_up_to_step_even(),curve25519-dalek::lemmas::edwards_lemmas::mul_base_lemmas,
lemma_binomial_absorption_factorial(),curve25519-dalek::lemmas::common_lemmas::number_theory_lemmas,
test_part1_wrapping_mul_equivalence(),curve25519-dalek::backend::serial::u64::scalar::test,
lemma_limbs_bounded_implies_prod_bounded(),curve25519-dalek::lemmas::scalar_lemmas,
RistrettoPoint::from_hash_verus(),curve25519-dalek::RistrettoPoint<[u8;::ristretto,
field_inv_unique(),curve25519-dalek::specs::field_specs,
RistrettoPoint::elligator_ristretto_flavor(),curve25519-dalek::ristretto,
pow256(),curve25519-dalek::specs::edwards_specs,
a1_1_val(),curve25519-dalek::lemmas::field_lemmas::pow2k_lemmas,
Scalar::as_radix_16(),curve25519-dalek::&Scalar#Scalar<[i8;::scalar,
unwrap_points(),curve25519-dalek::specs::iterator_specs,
lemma_montgomery_reduce_cancels_r(),curve25519-dalek::lemmas::scalar_lemmas_extra,
choice_is_true(),curve25519-dalek::backend::serial::u64::subtle_assumes,
seq_sum(),curve25519-dalek::lemmas::common_lemmas::sum_lemmas,
lemma_add_projective_niels_completed_valid(),curve25519-dalek::lemmas::edwards_lemmas::niels_addition_correctness,
spec_ristretto_decompress(),curve25519-dalek::specs::ristretto_specs,
lemma_field_mul_one_left(),curve25519-dalek::lemmas::field_lemmas::field_algebra_lemmas,
lemma_limb4_contribution_correctness_52(),curve25519-dalek::lemmas::scalar_byte_lemmas::scalar_to_bytes_lemmas,
Scalar::zeroize(),curve25519-dalek::scalar,
axiom_edwards_to_montgomery_correspondence(),curve25519-dalek::lemmas::edwards_lemmas::curve_equation_lemmas,
lemma_u8_32_as_nat_rec_bound(),curve25519-dalek::lemmas::common_lemmas::to_nat_lemmas,
test_montgomery_a_neg_value(),curve25519-dalek::lemmas::montgomery_curve_lemmas::test_qr_axioms,
montgomery_u_from_edwards_y(),curve25519-dalek::specs::montgomery_specs,
u8_32_as_nat_exec(),curve25519-dalek::backend::serial::u64::scalar::test,
lemma_cancel_mul_montgomery_mod(),curve25519-dalek::lemmas::scalar_lemmas,
lemma_invert_chain(),curve25519-dalek::lemmas::scalar_batch_invert_lemmas,
lemma_xdbl_degenerate_gives_w_zero(),curve25519-dalek::lemmas::montgomery_curve_lemmas,
sum_of_scalar_muls(),curve25519-dalek::specs::edwards_specs,
lemma_neg(),curve25519-dalek::lemmas::field_lemmas::negate_lemmas,
edwards_scalar_mul_signed(),curve25519-dalek::specs::edwards_specs,
axiom_xdbl_projective_correct(),curve25519-dalek::lemmas::montgomery_curve_lemmas,
pow2_mul_div_mod_small_mod_u8_t51_cond(),curve25519-dalek::lemmas::field_lemmas::load8_lemmas,
CompressedRistretto::fmt(),curve25519-dalek::ristretto,
spec_elligator_ristretto_flavor(),curve25519-dalek::specs::ristretto_specs,
is_valid_projective_niels_point(),curve25519-dalek::specs::edwards_specs,
lemma_edwards_scalar_mul_pow2_succ(),curve25519-dalek::lemmas::edwards_lemmas::curve_equation_lemmas,
lemma_radix51_remainder_bound(),curve25519-dalek::lemmas::field_lemmas::compute_q_lemmas,
Add::add(),curve25519-dalek::backend::serial::curve_models,
lemma_u8_32_as_nat_lt_pow2_255(),curve25519-dalek::lemmas::common_lemmas::to_nat_lemmas,
lemma_binomial_expansion_mod_p(),curve25519-dalek::lemmas::common_lemmas::number_theory_lemmas,
is_sqrt_ratio_times_i(),curve25519-dalek::specs::field_specs,
RistrettoPoint::random(),curve25519-dalek::ristretto,
field_inv(),curve25519-dalek::specs::field_specs,
lemma_m(),curve25519-dalek::lemmas::common_lemmas::mul_lemmas,
spec_montgomery(),curve25519-dalek::specs::montgomery_specs,
RistrettoPoint::neg(),curve25519-dalek::ristretto,
lemma_5_bytes_reconstruct(),curve25519-dalek::lemmas::field_lemmas::limbs_to_bytes_lemmas,
lemma_nonzero_from_mod(),curve25519-dalek::lemmas::field_lemmas::field_algebra_lemmas,
mul_boundary_spec(),curve25519-dalek::lemmas::field_lemmas::mul_lemmas,
sqrt_ratio_i_post(),curve25519-dalek::specs::field_specs,
lemma_u128_shl_is_mul(),curve25519-dalek::lemmas::common_lemmas::shift_lemmas,
lemma_factor_result_component_sub(),curve25519-dalek::lemmas::field_lemmas::field_algebra_lemmas,
odd_sum_up_to(),curve25519-dalek::lemmas::edwards_lemmas::mul_base_lemmas,
axiom_elligator_encode_outputs_valid_u(),curve25519-dalek::lemmas::montgomery_curve_lemmas,
lemma_partial_binomial_sum_mod_p(),curve25519-dalek::lemmas::common_lemmas::number_theory_lemmas,
lookup_table_projective_limbs_bounded(),curve25519-dalek::specs::window_specs,
c4_0_val(),curve25519-dalek::lemmas::field_lemmas::pow2k_lemmas,
bytes_as_nat_prefix(),curve25519-dalek::specs::core_specs,
Scalar::from_bytes_mod_order_wide(),curve25519-dalek::Scalar<&[u8;::scalar,
EdwardsPoint::nonspec_map_to_curve(),curve25519-dalek::edwards,
test_straus_optional_original_vs_verus(),curve25519-dalek::backend::serial::scalar_mul::scalar_mul_tests,
EdwardsPoint::eq(),curve25519-dalek::edwards,
field_inv_zero(),curve25519-dalek::specs::field_specs,
RistrettoBasepointTable::create(),curve25519-dalek::ristretto,
mul_c3_val(),curve25519-dalek::lemmas::field_lemmas::mul_lemmas,
pow255_gt_19(),curve25519-dalek::specs::field_specs_u64,
RistrettoPoint::ct_eq(),curve25519-dalek::ristretto,
pow2_mul_div_mod_close_mod_u8_t51_cond(),curve25519-dalek::lemmas::field_lemmas::load8_lemmas,
lemma_u8_32_as_nat_of_spec_fe51_to_bytes(),curve25519-dalek::lemmas::field_lemmas::as_bytes_lemmas,
MontgomeryPoint::mul_base_clamped(),curve25519-dalek::MontgomeryPoint<[u8;::montgomery,
lemma_square_internal_correct(),curve25519-dalek::lemmas::scalar_lemmas,
lemma_load8_at_versions_equivalent(),curve25519-dalek::lemmas::field_lemmas::load8_lemmas,
lemma_add_self_eq_double(),curve25519-dalek::lemmas::field_lemmas::field_algebra_lemmas,
lemma_mod_cancel(),curve25519-dalek::lemmas::scalar_lemmas,
lemma_borrow_and_mask_bounded(),curve25519-dalek::lemmas::scalar_lemmas,
CompressedRistretto::decompress(),curve25519-dalek::ristretto,
conditional_assign_u64(),curve25519-dalek::backend::serial::u64::subtle_assumes,
conditional_negate_generic(),curve25519-dalek::backend::serial::u64::subtle_assumes,
lemma_affine_curve_implies_projective(),curve25519-dalek::lemmas::edwards_lemmas::curve_equation_lemmas,
lemma_mul_distributive_7_terms(),curve25519-dalek::lemmas::common_lemmas::mul_lemmas,
lemma_binomial_divisible_by_prime(),curve25519-dalek::lemmas::common_lemmas::number_theory_lemmas,
lemma_pow2k_to_field_element(),curve25519-dalek::lemmas::field_lemmas::invert_lemmas,
lemma_stage_division_theorem(),curve25519-dalek::lemmas::field_lemmas::compute_q_lemmas,
lemma_u64_5_as_nat_k(),curve25519-dalek::lemmas::field_lemmas::u64_5_as_nat_lemmas,
LookupTable::fmt(),curve25519-dalek::window,
a3_0_val(),curve25519-dalek::lemmas::field_lemmas::pow2k_lemmas,
BatchCompressState::efgh(),curve25519-dalek::ristretto,
EdwardsPoint::sum(),curve25519-dalek::edwards,
radix16_odd_scalar(),curve25519-dalek::lemmas::edwards_lemmas::mul_base_lemmas,
lemma_mul_c_i_0_bounded(),curve25519-dalek::lemmas::field_lemmas::mul_lemmas,
FieldElement51::conditional_select(),curve25519-dalek::backend::serial::u64::field,
seq_from2(),curve25519-dalek::core_assumes,
lemma_scalar_subtract_no_overflow(),curve25519-dalek::lemmas::scalar_lemmas,
lemma_u_zero_implies_identity_point(),curve25519-dalek::lemmas::edwards_lemmas::step1_lemmas,
spec_uniform_bytes_first(),curve25519-dalek::specs::ristretto_specs,
MontgomeryPoint::identity(),curve25519-dalek::montgomery,
mul_c0_0_val(),curve25519-dalek::lemmas::field_lemmas::mul_lemmas,
lemma_edwards_scalar_mul_signed_canonical(),curve25519-dalek::lemmas::edwards_lemmas::curve_equation_lemmas,
lemma_pow2k_loop_value(),curve25519-dalek::lemmas::field_lemmas::pow2k_lemmas,
field_square(),curve25519-dalek::specs::field_specs,
Sub::sub(),curve25519-dalek::ristretto,
JacobiPoint::dual(),curve25519-dalek::lizard::jacobi_quartic,
spec_negate(),curve25519-dalek::specs::field_specs_u64,
lemma_field_mul_square_canonical(),curve25519-dalek::lemmas::field_lemmas::field_algebra_lemmas,
Scalar52::add(),curve25519-dalek::backend::serial::u64::scalar,
lemma_from_montgomery_limbs_conversion(),curve25519-dalek::lemmas::scalar_lemmas,
LookupTable::default(),curve25519-dalek::window,
collect_ristretto_points(),curve25519-dalek::specs::iterator_specs,
collect_edwards_from_ristretto_iter(),curve25519-dalek::specs::iterator_specs,
edwards_add(),curve25519-dalek::specs::edwards_specs,
lemma_byte_bits_value_is_mod(),curve25519-dalek::lemmas::common_lemmas::bits_as_nat_lemmas,
bytes_match_limbs_packing_52(),curve25519-dalek::lemmas::scalar_byte_lemmas::scalar_to_bytes_lemmas,
lemma_neg_u_times_inv_iu_is_i(),curve25519-dalek::lemmas::field_lemmas::sqrt_m1_lemmas,
mul_c1_0_val(),curve25519-dalek::lemmas::field_lemmas::mul_lemmas,
lemma_multiples_distinct_mod_prime(),curve25519-dalek::lemmas::common_lemmas::number_theory_lemmas,
lemma_neg_a_times_inv_ab(),curve25519-dalek::lemmas::field_lemmas::field_algebra_lemmas,
FieldElement51::negate(),curve25519-dalek::&mut::backend::serial::u64::field,
lemma_sub_symmetric_bound(),curve25519-dalek::lemmas::common_lemmas::sum_lemmas,
lemma_foil_sum_reorder(),curve25519-dalek::lemmas::field_lemmas::field_algebra_lemmas,
lemma_mul_w0_and_reorder(),curve25519-dalek::lemmas::common_lemmas::mul_lemmas,
EdwardsPoint::vartime_double_scalar_mul_basepoint(),curve25519-dalek::edwards,
lemma_u64_5_as_nat_product(),curve25519-dalek::lemmas::field_lemmas::u64_5_as_nat_lemmas,
u8_32_from_nat(),curve25519-dalek::specs::field_specs,
lemma_scalar52_lt_pow2_256_if_canonical(),curve25519-dalek::lemmas::scalar_lemmas,
Scalar52::invert(),curve25519-dalek::scalar,
EdwardsPoint::ct_eq(),curve25519-dalek::edwards,
lemma_binomial_absorption(),curve25519-dalek::lemmas::common_lemmas::number_theory_lemmas,
lemma_sub_constants_equal_16p(),curve25519-dalek::lemmas::field_lemmas::to_bytes_reduction_lemmas,
lemma_u8_32_as_nat_first_byte_only(),curve25519-dalek::lemmas::common_lemmas::to_nat_lemmas,
is_square(),curve25519-dalek::specs::field_specs,
lemma_mul_boundary(),curve25519-dalek::lemmas::field_lemmas::mul_lemmas,
lemma_assemble_pow_a_pow(),curve25519-dalek::lemmas::field_lemmas::from_bytes_lemmas,
is_inv_witness(),curve25519-dalek::specs::field_specs,
lemma_u128_truncate_and_mask(),curve25519-dalek::lemmas::scalar_lemmas_::montgomery_reduce_lemmas,
lemma_shr_51_le(),curve25519-dalek::lemmas::field_lemmas::pow2_51_lemmas,
Straus::multiscalar_mul(),curve25519-dalek::backend::serial::scalar_mul::straus,
VartimePrecomputedMultiscalarMul::vartime_mixed_multiscalar_mul(),curve25519-dalek::traits,
mul_return(),curve25519-dalek::lemmas::field_lemmas::mul_lemmas,
proof_reduce(),curve25519-dalek::lemmas::field_lemmas::reduce_lemmas,
product_of_multiples(),curve25519-dalek::lemmas::common_lemmas::number_theory_lemmas,
choice_or(),curve25519-dalek::backend::serial::u64::subtle_assumes,
lemma_general_bound(),curve25519-dalek::lemmas::scalar_lemmas,
spec_state_after_hash_montgomery(),curve25519-dalek::core_assumes,
Mul::mul(),curve25519-dalek::edwards,
lemma_mul_distributive_6_terms(),curve25519-dalek::lemmas::common_lemmas::mul_lemmas,
RistrettoPoint::double_and_compress_batch(),curve25519-dalek::ristretto,
RistrettoPoint::decode_253_bits(),"curve25519-dalek::32];::[[u8;::&RistrettoPoint#RistrettoPoint<(u8,::lizard::lizard_ristretto",
lemma_bits_chunks_eq_bytes_prefix(),curve25519-dalek::lemmas::common_lemmas::bits_as_nat_lemmas,
LookupTable::clone(),curve25519-dalek::window,
VartimeRistrettoPrecomputation::new(),curve25519-dalek::ristretto,
spec_ristretto_compress_extended(),curve25519-dalek::specs::ristretto_specs,
lemma_fe51_to_bytes_equal_implies_field_element_equal(),curve25519-dalek::lemmas::field_lemmas::as_bytes_lemmas,
spec_optional_edwards_from_ristretto_iter(),curve25519-dalek::specs::iterator_specs,
straus_multiscalar_mul_verus(),curve25519-dalek::backend,
Sub::sub(),curve25519-dalek::backend::serial::curve_models,
lemma_field_y_sq_one_implies_x_zero(),curve25519-dalek::lemmas::field_lemmas::field_algebra_lemmas,
lemma_product_square_factorize(),curve25519-dalek::lemmas::common_lemmas::mul_lemmas,
naf_lookup_table8_projective_limbs_bounded(),curve25519-dalek::specs::window_specs,
VartimePrecomputedMultiscalarMul::new(),curve25519-dalek::traits,
l51_bit_mask_lt(),curve25519-dalek::specs::field_specs_u64,
spec_elligator_encode(),curve25519-dalek::specs::montgomery_specs,
is_uniform_bytes(),curve25519-dalek::specs::proba_specs,
fe51_to_biguint(),curve25519-dalek::specs::edwards_specs::basepoint_on_curve_tests,
lemma_q_is_binary(),curve25519-dalek::lemmas::field_lemmas::compute_q_lemmas,
FieldElement51::square2(),curve25519-dalek::backend::serial::u64::field,
canonical_montgomery_lift(),curve25519-dalek::specs::montgomery_specs,
lemma_sqrt_ratio_implies_on_curve(),curve25519-dalek::lemmas::edwards_lemmas::step1_lemmas,
lemma_r_equals_spec(),curve25519-dalek::lemmas::scalar_lemmas,
lemma_pp_mm_decompose(),curve25519-dalek::lemmas::field_lemmas::field_algebra_lemmas,
axiom_edwards_basepoint_maps_to_montgomery_basepoint(),curve25519-dalek::lemmas::montgomery_curve_lemmas,
ProjectiveNielsPoint::fmt(),curve25519-dalek::backend::serial::curve_models,
lemma_last_iter_carry_zero(),curve25519-dalek::lemmas::scalar_lemmas_::radix_2w_lemmas,
lemma_field_square_of_pow_mod(),curve25519-dalek::lemmas::field_lemmas::field_algebra_lemmas,
lemma_edwards_scalar_mul_signed_of_scalar_mul(),curve25519-dalek::lemmas::edwards_lemmas::mul_base_lemmas,
lemma_zero_limbs_bounded_51(),curve25519-dalek::lemmas::field_lemmas::constants_lemmas,
lemma_montgomery_mul_exponent_add(),curve25519-dalek::lemmas::montgomery_pow_chain_lemmas,
RistrettoPoint::elligator_ristretto_flavor_inverse(),"curve25519-dalek::[FieldElement;::&RistrettoPoint#RistrettoPoint<(u8,::lizard::lizard_ristretto",
sum_bounded(),curve25519-dalek::specs::edwards_specs::eight_torsion_tests,
ci_val_boundaries(),curve25519-dalek::lemmas::field_lemmas::pow2k_lemmas,
lemma_xor_sign_bit_preserves_y(),curve25519-dalek::lemmas::field_lemmas::as_bytes_lemmas,
NafLookupTable8::fmt(),curve25519-dalek::window,
is_equal_to_minus_one(),curve25519-dalek::specs::montgomery_specs,
get_selected_backend(),curve25519-dalek::backend,
RistrettoPoint::mul_base(),curve25519-dalek::ristretto,
FieldElement51::ct_eq(),curve25519-dalek::field,
field_add(),curve25519-dalek::specs::field_specs,
lemma_sub_via_negation(),curve25519-dalek::lemmas::edwards_lemmas::niels_addition_correctness,
lemma_field_mul_left_cancel(),curve25519-dalek::lemmas::field_lemmas::field_algebra_lemmas,
edwards_neg(),curve25519-dalek::specs::edwards_specs,
Scalar::neg(),curve25519-dalek::scalar,
sha512_hash_bytes(),curve25519-dalek::core_assumes,
NafLookupTable8::clone(),curve25519-dalek::window,
montgomery_scalar_mul_u(),curve25519-dalek::specs::montgomery_specs,
Scalar52::fmt(),curve25519-dalek::backend::serial::u64::scalar,
axiom_neg_sqrt_m1_not_square(),curve25519-dalek::lemmas::field_lemmas::sqrt_m1_lemmas,
MontgomeryPoint::to_edwards(),curve25519-dalek::montgomery,
Sub::sub(),curve25519-dalek::backend::serial::u64::field,
Neg::neg(),curve25519-dalek::ristretto,
axiom_from_bytes_uniform(),curve25519-dalek::specs::proba_specs,
spec_projective_niels_point(),curve25519-dalek::specs::edwards_specs,
group_canonical(),curve25519-dalek::specs::scalar52_specs,
lemma_cancel_mul_R_mod_L(),curve25519-dalek::lemmas::scalar_lemmas,
AffineNielsPoint::zeroize(),curve25519-dalek::backend::serial::curve_models,
lemma_naf_odd_step(),curve25519-dalek::lemmas::scalar_lemmas_::naf_lemmas,
lemma_l_limbs_bounded(),curve25519-dalek::lemmas::scalar_lemmas,
CompressedRistretto::try_from(),curve25519-dalek::ristretto,
lemma_one_bounded(),curve25519-dalek::lemmas::scalar_lemmas,
lemma_mod_sub_eq(),curve25519-dalek::lemmas::common_lemmas::number_theory_lemmas,
lemma_negate_projective_niels_is_edwards_neg(),curve25519-dalek::lemmas::edwards_lemmas::curve_equation_lemmas,
c2_val(),curve25519-dalek::lemmas::field_lemmas::pow2k_lemmas,
factorial(),curve25519-dalek::lemmas::common_lemmas::number_theory_lemmas,
EdwardsPoint::optional_multiscalar_mul_verus(),curve25519-dalek::edwards,
axiom_binomial_theorem(),curve25519-dalek::lemmas::common_lemmas::number_theory_lemmas,
ct_option_has_value(),curve25519-dalek::backend::serial::u64::subtle_assumes,
spec_as_bytes(),curve25519-dalek::specs::field_specs_u64,
is_independent_uniform_ristretto_points(),curve25519-dalek::specs::proba_specs,
lemma_euclid_prime(),curve25519-dalek::lemmas::common_lemmas::number_theory_lemmas,
lemma_mod_inverse_correct(),curve25519-dalek::lemmas::common_lemmas::number_theory_lemmas,
lemma_neg_neg(),curve25519-dalek::lemmas::field_lemmas::field_algebra_lemmas,
lemma_seq_to_array_32_roundtrip(),curve25519-dalek::lemmas::field_lemmas::as_bytes_lemmas,
read_le_u64_into(),curve25519-dalek::scalar,
lemma_sum_of_limbs_bounded_from_fe51_bounded(),curve25519-dalek::lemmas::field_lemmas::add_lemmas,
ct_option_unwrap(),curve25519-dalek::backend::serial::u64::subtle_assumes,
lemma_radix_2w_loop_reconstruction_step(),curve25519-dalek::lemmas::scalar_lemmas_::radix_2w_lemmas,
lemma_reduction_telescoping(),curve25519-dalek::lemmas::field_lemmas::to_bytes_reduction_lemmas,
lemma_as_nat_32_mod_255(),curve25519-dalek::lemmas::field_lemmas::from_bytes_lemmas,
lemma_mul_distributive_8_terms(),curve25519-dalek::lemmas::common_lemmas::mul_lemmas,
lemma_field_neg_mul_left(),curve25519-dalek::lemmas::field_lemmas::field_algebra_lemmas,
RistrettoPoint::eq(),curve25519-dalek::ristretto,
lemma_canonical_bytes_high_bit_clear(),curve25519-dalek::lemmas::scalar_lemmas,
Scalar52::pack(),curve25519-dalek::scalar,
from_bytes_post(),curve25519-dalek::specs::field_specs,
edwards_point_as_affine(),curve25519-dalek::specs::edwards_specs,
lemma_edwards_d2_limbs_bounded_54(),curve25519-dalek::lemmas::edwards_lemmas::constants_lemmas,
collect_scalars_from_iter(),curve25519-dalek::specs::iterator_specs,
lemma_add_sum_simplify(),curve25519-dalek::lemmas::scalar_lemmas,
test_pippenger_original_vs_verus(),curve25519-dalek::backend::serial::scalar_mul::scalar_mul_tests,
lemma_load8_at_limb0(),curve25519-dalek::lemmas::field_lemmas::load8_lemmas,
limbs_bounded_exec(),curve25519-dalek::backend::serial::u64::scalar::test,
RistrettoPoint::conditional_select(),curve25519-dalek::ristretto,
lemma_modular_power_addition(),curve25519-dalek::lemmas::common_lemmas::pow_lemmas,
Pippenger::optional_multiscalar_mul_verus(),curve25519-dalek::backend::serial::scalar_mul::pippenger,
is_valid_projective_point(),curve25519-dalek::specs::edwards_specs,
lemma_common_divisor_divides_gcd(),curve25519-dalek::lemmas::common_lemmas::number_theory_lemmas,
ct_option_new(),curve25519-dalek::backend::serial::u64::subtle_assumes,
group_order_exec(),curve25519-dalek::backend::serial::u64::scalar::test,
lemma_identity_projective_niels_is_identity(),curve25519-dalek::lemmas::edwards_lemmas::curve_equation_lemmas,
lemma_mod_difference_zero(),curve25519-dalek::lemmas::common_lemmas::number_theory_lemmas,
zeroize_limbs5(),curve25519-dalek::core_assumes,
FieldElement51::is_negative(),curve25519-dalek::field,
lemma_divisibility_factor(),curve25519-dalek::lemmas::common_lemmas::div_mod_lemmas,
step_2(),curve25519-dalek::ristretto::decompress,
reconstruct(),curve25519-dalek::specs::scalar_specs,
lemma_u8_32_as_nat_eq_bytes_seq_as_nat(),curve25519-dalek::lemmas::common_lemmas::to_nat_lemmas,
IsIdentity::is_identity(),curve25519-dalek::traits,
lemma_load8_at_limb1(),curve25519-dalek::lemmas::field_lemmas::load8_lemmas,
lemma_as_bytes_from_bytes_roundtrip(),curve25519-dalek::lemmas::field_lemmas::as_bytes_lemmas,
spec_edwards_point(),curve25519-dalek::specs::edwards_specs,
ProjectiveNielsPoint::zeroize(),curve25519-dalek::backend::serial::curve_models,
Scalar::from(),curve25519-dalek::scalar,
differential_add_and_double(),curve25519-dalek::montgomery,
FieldElement51::pow2k(),curve25519-dalek::backend::serial::u64::field,
lemma_conditional_negate_makes_even(),curve25519-dalek::lemmas::field_lemmas::sqrt_ratio_lemmas,
LookupTable::from(),curve25519-dalek::window,
is_sqrt_ratio(),curve25519-dalek::specs::field_specs,
lemma_backward_loop_is_inverse(),curve25519-dalek::lemmas::scalar_batch_invert_lemmas,
lemma_cancel_coprime_factor(),curve25519-dalek::lemmas::scalar_lemmas,
lemma_naf_even_step(),curve25519-dalek::lemmas::scalar_lemmas_::naf_lemmas,
test_straus_multiscalar_original_vs_verus(),curve25519-dalek::backend::serial::scalar_mul::scalar_mul_tests,
lemma_sum_ristretto_edwards_equiv(),curve25519-dalek::specs::iterator_specs,
lemma_negate_makes_nonnegative(),curve25519-dalek::lemmas::field_lemmas::sqrt_ratio_lemmas,
lemma_sum_equals_byte_nat_52(),curve25519-dalek::lemmas::scalar_byte_lemmas::scalar_to_bytes_lemmas,
lemma_part1_sum_divisible_by_pow2_52(),curve25519-dalek::lemmas::scalar_lemmas_::montgomery_reduce_lemmas,
lemma_u_times_inv_iu_is_neg_i(),curve25519-dalek::lemmas::field_lemmas::sqrt_m1_lemmas,
mul_ci_val_boundaries(),curve25519-dalek::lemmas::field_lemmas::mul_lemmas,
lemma_binomial_prime_divisibility_helper(),curve25519-dalek::lemmas::common_lemmas::number_theory_lemmas,
NafLookupTable5::select(),curve25519-dalek::window,
seq_u64_to_nat(),curve25519-dalek::specs::scalar52_specs,
lemma_invert_is_multiplicative_inverse(),curve25519-dalek::lemmas::field_lemmas::invert_lemmas,
lemma_prefix_equal_when_bytes_match(),curve25519-dalek::lemmas::common_lemmas::to_nat_lemmas,
pre_reduce_limbs(),curve25519-dalek::specs::field_specs_u64,
pow2k_loop_return(),curve25519-dalek::lemmas::field_lemmas::pow2k_lemmas,
lemma_edwards_point_weaken_to_54(),curve25519-dalek::lemmas::field_lemmas::add_lemmas,
edwards_double(),curve25519-dalek::specs::edwards_specs,
lemma_mul_distributive_3_terms(),curve25519-dalek::lemmas::common_lemmas::mul_lemmas,
axiom_ristretto_basepoint_table_valid(),curve25519-dalek::specs::ristretto_specs,
mul_c1_val(),curve25519-dalek::lemmas::field_lemmas::mul_lemmas,
lemma_montgomery_add_u_coord_reduced(),curve25519-dalek::lemmas::montgomery_curve_lemmas,
lemma_two_factoring_51(),curve25519-dalek::lemmas::field_lemmas::pow2_51_lemmas,
RistrettoPoint::optional_multiscalar_mul(),curve25519-dalek::ristretto,
lemma_step1_case_analysis(),curve25519-dalek::lemmas::edwards_lemmas::step1_lemmas,
compute_q_arr(),curve25519-dalek::specs::field_specs_u64,
ct_eq_u16(),curve25519-dalek::backend::serial::u64::subtle_assumes,
is_valid_montgomery_point(),curve25519-dalek::specs::montgomery_specs,
MontgomeryPoint::mul_clamped(),curve25519-dalek::MontgomeryPoint#MontgomeryPoint<[u8;::montgomery,
lemma_identity_on_curve(),curve25519-dalek::lemmas::edwards_lemmas::curve_equation_lemmas,
lemma_scalar_one_properties(),curve25519-dalek::scalar_helpers,
identity_affine_niels(),curve25519-dalek::specs::edwards_specs,
lemma_factorial_coprime_to_prime(),curve25519-dalek::lemmas::common_lemmas::number_theory_lemmas,
clone_ristretto_iter_with_spec(),curve25519-dalek::specs::iterator_specs,
lemma_algebraic_chain_base(),curve25519-dalek::lemmas::field_lemmas::sqrt_ratio_lemmas,
lemma_load8_at_plus_fits_u64(),curve25519-dalek::lemmas::field_lemmas::load8_lemmas,
bytes_as_nat_suffix(),curve25519-dalek::specs::core_specs,
CompressedEdwardsY::try_from(),curve25519-dalek::edwards,
all_points_some(),curve25519-dalek::specs::iterator_specs,
spec_ristretto_compress_affine(),curve25519-dalek::specs::ristretto_specs,
determine_curve25519_dalek_bits(),curve25519-dalek::deterministic,
u16_to_le_bytes(),curve25519-dalek::core_assumes,
CompressedEdwardsY::fmt(),curve25519-dalek::edwards,
mul_term_product_bounds_spec(),curve25519-dalek::lemmas::field_lemmas::mul_lemmas,
FieldElement51::fmt(),curve25519-dalek::backend::serial::u64::field,
conditional_select_field_element(),curve25519-dalek::backend::serial::u64::subtle_assumes,
l0(),curve25519-dalek::lemmas::scalar_lemmas_::montgomery_reduce_part1_chain_lemmas,
NafLookupTable8::select(),curve25519-dalek::window,
axiom_d_plus_one_nonzero(),curve25519-dalek::lemmas::edwards_lemmas::curve_equation_lemmas,
lemma_double_neg_mod(),curve25519-dalek::lemmas::common_lemmas::div_mod_lemmas,
spec_ristretto_from_uniform_bytes(),curve25519-dalek::specs::ristretto_specs,
lemma_odd_sum_up_to_correct(),curve25519-dalek::lemmas::edwards_lemmas::mul_base_lemmas,
lemma_gcd_positive(),curve25519-dalek::lemmas::common_lemmas::number_theory_lemmas,
test_lizard_encode_helper(),curve25519-dalek::lizard::lizard_ristretto::test,
lemma_field_add_16p_no_overflow(),curve25519-dalek::lemmas::field_lemmas::add_lemmas,
lemma_even_sum_up_to_correct(),curve25519-dalek::lemmas::edwards_lemmas::mul_base_lemmas,
EdwardsPoint::conditional_select(),curve25519-dalek::edwards,
lemma_bound_scalar(),curve25519-dalek::lemmas::scalar_lemmas,
lemma_u64_shl_low_bits(),curve25519-dalek::lemmas::scalar_lemmas_::radix_2w_lemmas,
c3_val(),curve25519-dalek::lemmas::field_lemmas::pow2k_lemmas,
lemma_pow2_chain_multipliers(),curve25519-dalek::lemmas::montgomery_pow_chain_lemmas,
lemma_l_limb4_is_pow2_44(),curve25519-dalek::lemmas::scalar_lemmas_::montgomery_reduce_lemmas,
RistrettoPoint::to_jacobi_quartic_ristretto(),curve25519-dalek::RistrettoPoint#RistrettoPoint<[JacobiPoint;::lizard::lizard_ristretto,
lemma_four_factor_rearrange(),curve25519-dalek::lemmas::field_lemmas::field_algebra_lemmas,
axiom_neg_distributes_over_add(),curve25519-dalek::lemmas::edwards_lemmas::curve_equation_lemmas,
lemma_mul_quad_prod(),curve25519-dalek::lemmas::common_lemmas::mul_lemmas,
fe51_is_sqrt_ratio(),curve25519-dalek::specs::field_specs,
lemma_montgomery_inverse(),curve25519-dalek::lemmas::scalar_lemmas,
conditional_swap_montgomery_projective(),curve25519-dalek::backend::serial::u64::subtle_assumes,
lookup_table_affine_limbs_bounded(),curve25519-dalek::specs::window_specs,
spec_identity_projective_point_edwards(),curve25519-dalek::specs::edwards_specs,
lemma_load8_at_plus_version_rec_is_bounded(),curve25519-dalek::lemmas::field_lemmas::load8_lemmas,
lemma_bytes_seq_as_nat_equals_prefix(),curve25519-dalek::lemmas::common_lemmas::to_nat_lemmas,
lemma_no_square_root_when_times_i(),curve25519-dalek::lemmas::field_lemmas::sqrt_ratio_lemmas,
NafLookupTable5::from(),curve25519-dalek::window,
lemma_prefix_equals_suffix_full(),curve25519-dalek::lemmas::common_lemmas::to_nat_lemmas,
lemma_projective_represents_implies_u_coordinate(),curve25519-dalek::lemmas::montgomery_curve_lemmas,
lemma_euler_criterion(),curve25519-dalek::lemmas::common_lemmas::number_theory_lemmas,
axiom_edwards_to_montgomery_commutes_with_scalar_mul(),curve25519-dalek::lemmas::montgomery_curve_lemmas,
lemma_pow_2_is_mul(),curve25519-dalek::lemmas::common_lemmas::number_theory_lemmas,
pow2_MUL_div(),curve25519-dalek::lemmas::common_lemmas::pow_lemmas,
AffineNielsPoint::conditional_select(),curve25519-dalek::backend::serial::curve_models,
naf_lookup_table8_affine_limbs_bounded(),curve25519-dalek::specs::window_specs,
axiom_xadd_projective_correct(),curve25519-dalek::lemmas::montgomery_curve_lemmas,
montgomery_reduce_input_bounds(),curve25519-dalek::specs::montgomery_reduce_specs,
MontgomeryPoint::zeroize(),curve25519-dalek::montgomery,
binomial_sum(),curve25519-dalek::lemmas::common_lemmas::number_theory_lemmas,
lemma_odd_sum_up_to_canonical(),curve25519-dalek::lemmas::edwards_lemmas::mul_base_lemmas,
radix_16_all_bounded(),curve25519-dalek::specs::scalar_specs,
lemma_canonical_sqrt_zero(),curve25519-dalek::lemmas::montgomery_curve_lemmas,
RistrettoPoint::multiscalar_mul_verus(),curve25519-dalek::ristretto,
words64_from_bytes_to_nat(),curve25519-dalek::specs::core_specs,
lemma_mul_by_minus_one_is_negation(),curve25519-dalek::lemmas::common_lemmas::div_mod_lemmas,
Scalar::hash_from_bytes(),curve25519-dalek::scalar,
Scalar::from(),curve25519-dalek::scalar,
first_32_bytes(),curve25519-dalek::core_assumes,
sum_of_scalars(),curve25519-dalek::specs::scalar_specs,
lemma_field_add_comm(),curve25519-dalek::lemmas::field_lemmas::field_algebra_lemmas,
ct_option_is_some(),curve25519-dalek::backend::serial::u64::subtle_assumes,
EdwardsPoint::mul_clamped(),curve25519-dalek::EdwardsPoint#EdwardsPoint<[u8;::edwards,
FieldElement51::conditional_swap(),curve25519-dalek::backend::serial::u64::field,
nine_limbs_to_nat_aux(),curve25519-dalek::specs::scalar52_specs,
lemma_check_fourth_root_pattern(),curve25519-dalek::lemmas::field_lemmas::sqrt_ratio_lemmas,
RistrettoPoint::sum_original(),curve25519-dalek::ristretto,
spec_negate_projective_niels(),curve25519-dalek::specs::edwards_specs,
field_sqrt(),curve25519-dalek::specs::field_specs,
Scalar::hash_from_bytes_verus(),curve25519-dalek::scalar,
RistrettoPoint::multiscalar_mul(),curve25519-dalek::ristretto,
lemma_pow2_mul_div_mod_small_mul(),curve25519-dalek::lemmas::common_lemmas::pow_lemmas,
lemma_nat_zero_implies_all_zero_bytes(),curve25519-dalek::lemmas::field_lemmas::batch_invert_lemmas,
montgomery_corresponds_to_edwards(),curve25519-dalek::specs::montgomery_specs,
lemma_is_sqrt_ratio_to_field(),curve25519-dalek::lemmas::field_lemmas::sqrt_ratio_lemmas,
lemma_montgomery_a_neg_limbs_bounded_51(),curve25519-dalek::lemmas::field_lemmas::constants_lemmas,
RistrettoPoint::mul_assign(),curve25519-dalek::ristretto,
EdwardsPoint::to_montgomery(),curve25519-dalek::edwards,
montgomery_invert_chain_exponent(),curve25519-dalek::lemmas::montgomery_pow_chain_lemmas,
EdwardsPoint::as_projective_niels(),curve25519-dalek::edwards,
lemma_neg_sum_mod(),curve25519-dalek::lemmas::scalar_lemmas,
lemma_naf_wrapping_sub_correct(),curve25519-dalek::lemmas::scalar_lemmas_::naf_lemmas,
is_ristretto_coset(),curve25519-dalek::specs::ristretto_specs,
lemma_field_mul_distributes_over_sub_right(),curve25519-dalek::lemmas::field_lemmas::field_algebra_lemmas,
VartimeEdwardsPrecomputation::new(),curve25519-dalek::edwards,
lemma_radix51_telescoping_direct(),curve25519-dalek::lemmas::field_lemmas::compute_q_lemmas,
affine_projective_point_montgomery(),curve25519-dalek::specs::montgomery_specs,
CompletedPoint::fmt(),curve25519-dalek::backend::serial::curve_models,
edwards_scalar_mul(),curve25519-dalek::specs::edwards_specs,
lemma_u64x4_mod_strip_above(),curve25519-dalek::lemmas::scalar_lemmas_::radix_2w_lemmas,
axiom_basepoint_on_curve(),curve25519-dalek::specs::edwards_specs,
has_inv_mod_p(),curve25519-dalek::specs::field_specs,
ristretto_equivalent(),curve25519-dalek::specs::ristretto_specs,
seq_from8(),curve25519-dalek::core_assumes,
lemma_sum_equals_byte_nat(),curve25519-dalek::lemmas::field_lemmas::limbs_to_bytes_lemmas,
CompressedEdwardsY::is_identity_spec(),curve25519-dalek::edwards,
five_limbs_to_nat_aux(),curve25519-dalek::specs::scalar52_specs,
spec_negate_affine_niels(),curve25519-dalek::specs::edwards_specs,
conditional_swap_u64(),curve25519-dalek::backend::serial::u64::subtle_assumes,
lemma_factor_result_component_add(),curve25519-dalek::lemmas::field_lemmas::field_algebra_lemmas,
lemma_low_limbs_encode_low_expr(),curve25519-dalek::lemmas::scalar_lemmas_extra,
p(),curve25519-dalek::specs::field_specs_u64,
u32_from_le_bytes(),curve25519-dalek::core_assumes,
lemma_identity_is_valid_extended(),curve25519-dalek::lemmas::edwards_lemmas::curve_equation_lemmas,
lemma_is_canonical_correctness(),curve25519-dalek::lemmas::scalar_lemmas,
word64_from_bytes_partial(),curve25519-dalek::specs::core_specs,
straus_multiscalar_mul(),curve25519-dalek::backend,
bot_half(),curve25519-dalek::scalar,
square_multiply(),curve25519-dalek::scalar,
lemma_carry_shift_to_nat(),curve25519-dalek::lemmas::scalar_lemmas_::montgomery_reduce_lemmas,
is_in_even_subgroup(),curve25519-dalek::specs::ristretto_specs,
Mul::mul(),curve25519-dalek::ristretto,
lemma_pow2_mul_div(),curve25519-dalek::lemmas::common_lemmas::pow_lemmas,
group_order(),curve25519-dalek::specs::scalar52_specs,
lemma_nat_distributive(),curve25519-dalek::lemmas::common_lemmas::mul_lemmas,
EdwardsPoint::sub_assign(),curve25519-dalek::edwards,
step_1(),curve25519-dalek::edwards::decompress,
seq_from32(),curve25519-dalek::core_assumes,
p_gt_2(),curve25519-dalek::specs::field_specs_u64,
montgomery_scalar_mul(),curve25519-dalek::specs::montgomery_specs,
lemma_decompose(),curve25519-dalek::lemmas::scalar_lemmas,
ProjectiveNielsPoint::default(),curve25519-dalek::backend::serial::curve_models,
test_lizard_constants(),curve25519-dalek::lizard::lizard_constants::test,
lemma_add_bounds_propagate(),curve25519-dalek::lemmas::field_lemmas::add_lemmas,
is_inverse_field_of_nat(),curve25519-dalek::specs::field_specs,
lemma_mul_commutative_8_terms(),curve25519-dalek::lemmas::common_lemmas::mul_lemmas,
lemma_suffix_zero_when_bytes_zero(),curve25519-dalek::lemmas::common_lemmas::to_nat_lemmas,
lemma_five_limbs_equals_to_nat(),curve25519-dalek::lemmas::scalar_lemmas,
lemma_field_mul_neg(),curve25519-dalek::lemmas::field_lemmas::field_algebra_lemmas,
limb1_byte_contribution_52(),curve25519-dalek::lemmas::scalar_byte_lemmas::scalar_to_bytes_lemmas,
lemma_mod_sub_eq_implies_zero(),curve25519-dalek::lemmas::common_lemmas::number_theory_lemmas,
lemma_lo_limbs_bounded(),curve25519-dalek::lemmas::scalar_lemmas_extra,
lemma_limb3_contribution_correctness_52(),curve25519-dalek::lemmas::scalar_byte_lemmas::scalar_to_bytes_lemmas,
lemma_prefix_equals_suffix_partial(),curve25519-dalek::lemmas::common_lemmas::to_nat_lemmas,
FieldElement51::mul_assign(),curve25519-dalek::backend::serial::u64::field,
add(),curve25519-dalek::lemmas::common_lemmas::sum_lemmas,
spec_projective_point_montgomery(),curve25519-dalek::specs::montgomery_specs,
spec_identity_projective_niels(),curve25519-dalek::specs::edwards_specs,
lemma_mul_le_implies_div_le(),curve25519-dalek::lemmas::common_lemmas::div_mod_lemmas,
EdwardsPoint::multiscalar_mul(),curve25519-dalek::edwards,
negate_affine_niels(),curve25519-dalek::specs::edwards_specs,
lemma_pippenger_partial_step_odd(),curve25519-dalek::lemmas::edwards_lemmas::mul_base_lemmas,
lemma_canonical_bytes_bit255_zero(),curve25519-dalek::lemmas::field_lemmas::as_bytes_lemmas,
lemma_pippenger_sum_correct(),curve25519-dalek::lemmas::edwards_lemmas::mul_base_lemmas,
EdwardsPoint::nonspec_map_to_curve_verus(),curve25519-dalek::edwards,
pow2_mul_div_mod_small_mul_u8_t51_cond(),curve25519-dalek::lemmas::field_lemmas::load8_lemmas,
spec_montgomery_to_edwards_affine(),curve25519-dalek::specs::edwards_specs,
lemma_limb2_contribution_correctness_52(),curve25519-dalek::lemmas::scalar_byte_lemmas::scalar_to_bytes_lemmas,
spec_ed25519_basepoint(),curve25519-dalek::specs::edwards_specs,
lemma_negation_preserves_extended_validity(),curve25519-dalek::lemmas::edwards_lemmas::curve_equation_lemmas,
lemma_to_bytes_reduction(),curve25519-dalek::lemmas::field_lemmas::to_bytes_reduction_lemmas,
completed_point_as_affine_edwards(),curve25519-dalek::specs::edwards_specs,
ct_eq_bytes32(),curve25519-dalek::backend::serial::u64::subtle_assumes,
lemma_mul_le(),curve25519-dalek::lemmas::common_lemmas::mul_lemmas,
lemma_seq_eq_implies_array_eq(),curve25519-dalek::lemmas::field_lemmas::as_bytes_lemmas,
RistrettoPoint::default(),curve25519-dalek::ristretto,
lemma_pow22501_prove_t3(),curve25519-dalek::lemmas::field_lemmas::pow22501_t3_lemma,
ProjectiveNielsPoint::conditional_select(),curve25519-dalek::backend::serial::curve_models,
EdwardsPoint::mul_base_clamped(),curve25519-dalek::EdwardsPoint<[u8;::edwards,
RistrettoPoint::fmt(),curve25519-dalek::ristretto,
Scalar52::zeroize(),curve25519-dalek::backend::serial::u64::scalar,
ct_option_is_none(),curve25519-dalek::backend::serial::u64::subtle_assumes,
lemma_reduce_bound_2p(),curve25519-dalek::lemmas::field_lemmas::reduce_lemmas,
spec_optional_points_from_iter(),curve25519-dalek::specs::iterator_specs,
conditional_assign_generic(),curve25519-dalek::backend::serial::u64::subtle_assumes,
lemma_bits_from_index_split(),curve25519-dalek::lemmas::common_lemmas::bits_as_nat_lemmas,
lemma_field_inv_one(),curve25519-dalek::lemmas::field_lemmas::field_algebra_lemmas,
lemma_carry_bounded_after_mask(),curve25519-dalek::lemmas::scalar_lemmas,
Scalar::index(),curve25519-dalek::scalar,
Identity::identity(),"curve25519-dalek::Self:::::::::Identity<Self
where
::traits",
test_edwards_d2_is_double_d(),curve25519-dalek::constants::test,
lemma_field_diff_of_squares(),curve25519-dalek::lemmas::field_lemmas::field_algebra_lemmas,
is_valid_edwards_point(),curve25519-dalek::specs::edwards_specs,
lemma_div_strictly_bounded(),curve25519-dalek::lemmas::common_lemmas::div_mod_lemmas,
axiom_edwards_add_complete(),curve25519-dalek::lemmas::edwards_lemmas::curve_equation_lemmas,
lemma_field_neg_neg(),curve25519-dalek::lemmas::field_lemmas::field_algebra_lemmas,
lemma_carry8_bound(),curve25519-dalek::lemmas::scalar_lemmas_::montgomery_reduce_lemmas,
lemma_eps_when_d_is_minus_one(),curve25519-dalek::lemmas::montgomery_curve_lemmas,
spec_completed_point(),curve25519-dalek::specs::edwards_specs,
lemma_words_as_nat_equals_bytes(),curve25519-dalek::lemmas::common_lemmas::to_nat_lemmas,
Mul::mul(),curve25519-dalek::montgomery,
lemma_bits_from_bytes_eq_u8_32_as_nat(),curve25519-dalek::lemmas::common_lemmas::bits_as_nat_lemmas,
carry_val(),curve25519-dalek::lemmas::field_lemmas::pow2k_lemmas,
lemma_load8_at_limb3(),curve25519-dalek::lemmas::field_lemmas::load8_lemmas,
Scalar::conditional_select(),curve25519-dalek::scalar,
MontgomeryPoint::ct_eq(),curve25519-dalek::montgomery,
lemma_u64x4_lower_words_bounded(),curve25519-dalek::lemmas::scalar_lemmas_::radix_2w_lemmas,
ct_eq_limbs5(),curve25519-dalek::backend::serial::u64::subtle_assumes,
lemma_l_value_properties(),curve25519-dalek::lemmas::scalar_lemmas,
math_is_valid_extended_edwards_point(),curve25519-dalek::specs::edwards_specs,
Scalar52::as_bytes(),curve25519-dalek::Scalar52#Scalar52<[u8;::backend::serial::u64::scalar,
MontgomeryPoint::mul_base(),curve25519-dalek::montgomery,
u64_to_le_bytes(),curve25519-dalek::core_assumes,
spec_uniform_bytes_second(),curve25519-dalek::specs::ristretto_specs,
lemma_carry_out_equals_q(),curve25519-dalek::lemmas::field_lemmas::to_bytes_reduction_lemmas,
lemma_segre_t_derivation(),curve25519-dalek::lemmas::edwards_lemmas::niels_addition_correctness,
u64_5_as_field_canonical(),curve25519-dalek::specs::field_specs_u64,
Neg::neg(),curve25519-dalek::backend::serial::curve_models,
lemma_limbs_to_bytes(),curve25519-dalek::lemmas::field_lemmas::limbs_to_bytes_lemmas,
lemma_mult_maps_to_nonzero(),curve25519-dalek::lemmas::common_lemmas::number_theory_lemmas,
lemma_part1_telescoping_expansion(),curve25519-dalek::lemmas::scalar_lemmas_::montgomery_reduce_part1_chain_lemmas,
CompressedRistretto::from_slice(),curve25519-dalek::ristretto,
lemma_mul_lt(),curve25519-dalek::lemmas::common_lemmas::mul_lemmas,
limbs_bounded(),curve25519-dalek::specs::scalar52_specs,
lemma_hi_limbs_bounded(),curve25519-dalek::lemmas::scalar_lemmas_extra,
mul_out_val_boundaries(),curve25519-dalek::lemmas::field_lemmas::mul_lemmas,
ct_eq_u8(),curve25519-dalek::backend::serial::u64::subtle_assumes,
lemma_minus_one_limbs_bounded_51(),curve25519-dalek::lemmas::field_lemmas::constants_lemmas,
lemma_scalar_as_nat_basepoint_order_private_equals_group_order(),curve25519-dalek::lemmas::edwards_lemmas::constants_lemmas,
is_well_formed_edwards_point(),curve25519-dalek::specs::edwards_specs,
lemma_add_affine_niels_completed_valid(),curve25519-dalek::lemmas::edwards_lemmas::niels_addition_correctness,
zeroize_bool(),curve25519-dalek::core_assumes,
lemma_product_of_multiples_eq(),curve25519-dalek::lemmas::common_lemmas::number_theory_lemmas,
math_on_montgomery_curve(),curve25519-dalek::specs::montgomery_specs,
mul_c4_0_val(),curve25519-dalek::lemmas::field_lemmas::mul_lemmas,
Sub::sub(),curve25519-dalek::backend::serial::curve_models,
bits_be_as_nat(),curve25519-dalek::specs::core_specs,
limb3_byte_contribution_52(),curve25519-dalek::lemmas::scalar_byte_lemmas::scalar_to_bytes_lemmas,
lemma_mul_upper_bound(),curve25519-dalek::lemmas::field_lemmas::to_bytes_reduction_lemmas,
choice_into(),curve25519-dalek::backend::serial::u64::subtle_assumes,
bit_arrange(),curve25519-dalek::specs::field_specs_u64,
montgomery_reduce_canonical_bound(),curve25519-dalek::specs::montgomery_reduce_specs,
lemma_sqrt_m1_nonzero(),curve25519-dalek::lemmas::field_lemmas::sqrt_m1_lemmas,
lemma_all_carries_bounded_by_3(),curve25519-dalek::lemmas::field_lemmas::compute_q_lemmas,
lemma_fourth_root_of_unity(),curve25519-dalek::lemmas::field_lemmas::sqrt_m1_lemmas,
axiom_gcd_symmetric(),curve25519-dalek::lemmas::common_lemmas::number_theory_lemmas,
RistrettoPoint::compress(),curve25519-dalek::ristretto,
lemma_sqrt_ratio_correctness(),curve25519-dalek::lemmas::field_lemmas::sqrt_ratio_lemmas,
ProjectivePoint::is_identity_spec(),curve25519-dalek::montgomery,
lemma_montgomery_scalar_mul_add(),curve25519-dalek::lemmas::montgomery_curve_lemmas,
test_lizard_encode(),curve25519-dalek::lizard::lizard_ristretto::test,
c1_0_val(),curve25519-dalek::lemmas::field_lemmas::pow2k_lemmas,
montgomery_rhs(),curve25519-dalek::specs::montgomery_specs,
test_486660_not_qr(),curve25519-dalek::lemmas::montgomery_curve_lemmas::test_qr_axioms,
lemma_as_bytes_52(),curve25519-dalek::lemmas::scalar_byte_lemmas::scalar_to_bytes_lemmas,
axiom_montgomery_valid_u_implies_edwards_y_valid(),curve25519-dalek::lemmas::montgomery_curve_lemmas,
lemma_u8_32_as_nat_equals_suffix_64(),curve25519-dalek::lemmas::common_lemmas::to_nat_lemmas,
lemma_gcd_with_prime(),curve25519-dalek::lemmas::common_lemmas::number_theory_lemmas,
test_edwards_basepoint_maps_to_montgomery_9(),curve25519-dalek::lemmas::montgomery_curve_lemmas::test_qr_axioms,
step_2(),curve25519-dalek::edwards::decompress,
reconstruct_radix_2w(),curve25519-dalek::specs::scalar_specs,
RistrettoPoint::lizard_encode(),curve25519-dalek::RistrettoPoint<&[u8;::lizard::lizard_ristretto,
lemma_bits_as_nat_eq_bits_from_index(),curve25519-dalek::lemmas::common_lemmas::bits_as_nat_lemmas,
lemma_pippenger_partial_step_even(),curve25519-dalek::lemmas::edwards_lemmas::mul_base_lemmas,
lemma_projective_product_factor(),curve25519-dalek::lemmas::edwards_lemmas::niels_addition_correctness,
lemma_square_internal_no_overflow(),curve25519-dalek::lemmas::scalar_lemmas,
lemma_partial_product_full(),curve25519-dalek::lemmas::scalar_batch_invert_lemmas,
lemma_u8_32_as_nat_mod_truncates(),curve25519-dalek::lemmas::common_lemmas::to_nat_lemmas,
spec_normalize_sign(),curve25519-dalek::specs::edwards_specs,
math_is_valid_y_coordinate(),curve25519-dalek::specs::edwards_specs,
lemma_canonical_bytes_equal(),curve25519-dalek::lemmas::common_lemmas::to_nat_lemmas,
mul_c2_val(),curve25519-dalek::lemmas::field_lemmas::mul_lemmas,
field_sub(),curve25519-dalek::specs::field_specs,
spec_u_coordinate(),curve25519-dalek::specs::montgomery_specs,
spec_edwards_decompress_from_y_and_sign(),curve25519-dalek::specs::edwards_specs,
spec_state_after_hash(),curve25519-dalek::core_assumes,
lemma_step1_curve_semantics(),curve25519-dalek::lemmas::edwards_lemmas::step1_lemmas,
lemma_binomial_n_1(),curve25519-dalek::lemmas::common_lemmas::number_theory_lemmas,
VartimePrecomputedStraus::new(),curve25519-dalek::backend::serial::scalar_mul::precomputed_straus,
FieldElement51::from_bytes(),curve25519-dalek::FieldElement51<&[u8;::backend::serial::u64::field,
negate_field_element(),curve25519-dalek::backend::serial::u64::subtle_assumes,
test_basepoint_x_matches_rfc(),curve25519-dalek::specs::edwards_specs::basepoint_on_curve_tests,
lemma_add_then_shift(),curve25519-dalek::lemmas::field_lemmas::pow2_51_lemmas,
lemma_byte_from_limb_shift(),curve25519-dalek::lemmas::field_lemmas::limbs_to_bytes_lemmas,
lemma_field_sub_eq_add_neg(),curve25519-dalek::lemmas::field_lemmas::field_algebra_lemmas,
lemma_sub_correct_after_loops(),curve25519-dalek::lemmas::scalar_lemmas,
lemma_low_bits_mask_increases(),curve25519-dalek::lemmas::common_lemmas::mask_lemmas,
math_is_edwards_identity(),curve25519-dalek::specs::edwards_specs,
lemma_negation_sums_to_zero(),curve25519-dalek::lemmas::scalar_lemmas,
lemma_two_factoring(),curve25519-dalek::lemmas::common_lemmas::pow_lemmas,
axiom_uniform_elligator_independent(),curve25519-dalek::specs::proba_specs,
lemma_decompress_valid_branch(),curve25519-dalek::lemmas::edwards_lemmas::decompress_lemmas,
VartimeRistrettoPrecomputation::optional_mixed_multiscalar_mul(),curve25519-dalek::ristretto,
lemma_high_low_recombine(),curve25519-dalek::lemmas::scalar_lemmas_extra,
lemma_mul_congruence(),curve25519-dalek::lemmas::scalar_batch_invert_lemmas,
is_canonical_scalar52(),curve25519-dalek::specs::scalar52_specs,
math_on_edwards_curve(),curve25519-dalek::specs::edwards_specs,
last_32_bytes(),curve25519-dalek::core_assumes,
lemma_reconstruct_radix_2w_split(),curve25519-dalek::lemmas::scalar_lemmas_::radix_2w_lemmas,
axiom_gcd_mod_noop(),curve25519-dalek::lemmas::common_lemmas::number_theory_lemmas,
CompressedEdwardsY::ct_eq(),curve25519-dalek::edwards,
lemma_spec_ristretto_roundtrip(),curve25519-dalek::specs::ristretto_specs,
limb0_byte_contribution_52(),curve25519-dalek::lemmas::scalar_byte_lemmas::scalar_to_bytes_lemmas,
VartimePrecomputedStraus::optional_mixed_multiscalar_mul(),curve25519-dalek::backend,
is_valid_radix_16(),curve25519-dalek::specs::scalar_specs,
axiom_montgomery_add_identity_left(),curve25519-dalek::lemmas::montgomery_curve_lemmas,
limb2_byte_contribution_52(),curve25519-dalek::lemmas::scalar_byte_lemmas::scalar_to_bytes_lemmas,
lemma_edwards_scalar_mul_composition(),curve25519-dalek::lemmas::edwards_lemmas::curve_equation_lemmas,
mod_inv(),curve25519-dalek::lemmas::montgomery_curve_lemmas::test_qr_axioms,
Scalar52::index_mut(),curve25519-dalek::backend::serial::u64::scalar,
all_neg_limbs_positive(),curve25519-dalek::lemmas::field_lemmas::negate_lemmas,
lemma_r_limbs_bounded(),curve25519-dalek::lemmas::scalar_lemmas,
lemma_mul_value(),curve25519-dalek::lemmas::field_lemmas::mul_lemmas,
ProjectivePoint::double(),curve25519-dalek::backend::serial::curve_models,
lemma_identity_affine_coords(),curve25519-dalek::specs::edwards_specs,
lemma_c_i_0_bounded(),curve25519-dalek::lemmas::field_lemmas::pow2k_lemmas,
limb4_byte_contribution(),curve25519-dalek::lemmas::field_lemmas::limbs_to_bytes_lemmas,
lemma_sqrt_ratio_success_means_valid_y(),curve25519-dalek::lemmas::edwards_lemmas::step1_lemmas,
lemma_rr_equals_radix_squared(),curve25519-dalek::lemmas::montgomery_lemmas,
lemma_prime_gt_2_is_odd(),curve25519-dalek::lemmas::common_lemmas::number_theory_lemmas,
lemma_sqrt_ratio_zero_propagation(),curve25519-dalek::lemmas::field_lemmas::sqrt_ratio_lemmas,
lemma_neg_one_times_is_neg(),curve25519-dalek::lemmas::field_lemmas::field_algebra_lemmas,
Scalar::from(),curve25519-dalek::scalar,
mul_c3_0_val(),curve25519-dalek::lemmas::field_lemmas::mul_lemmas,
u128_to_le_bytes(),curve25519-dalek::core_assumes,
lemma_field_add_sub_rearrange(),curve25519-dalek::lemmas::field_lemmas::field_algebra_lemmas,
field_element_from_bytes(),curve25519-dalek::specs::field_specs,
lemma_fe51_limbs_bounded_weaken(),curve25519-dalek::lemmas::field_lemmas::add_lemmas,
Scalar::sum_of_slice(),curve25519-dalek::scalar_helpers,
lemma_quotient_of_squares(),curve25519-dalek::lemmas::field_lemmas::field_algebra_lemmas,
u64_4_as_nat(),curve25519-dalek::specs::scalar_specs,
lemma_valid_radix_16_implies_all_bounded(),curve25519-dalek::lemmas::scalar_lemmas_::radix16_lemmas,
lemma_pow_mod_congruent(),curve25519-dalek::lemmas::common_lemmas::pow_lemmas,
lemma_from_montgomery_is_product_with_one(),curve25519-dalek::lemmas::scalar_montgomery_lemmas,
scalar_congruent_nat(),curve25519-dalek::specs::scalar_specs,
lemma_pippenger_sum_correct_signed(),curve25519-dalek::lemmas::edwards_lemmas::mul_base_lemmas,
lemma_spec_load8_at_fits_u64(),curve25519-dalek::lemmas::field_lemmas::load8_lemmas,
field_element(),curve25519-dalek::lizard::u64_constants,
lemma_edwards_add_identity_right(),curve25519-dalek::lemmas::edwards_lemmas::curve_equation_lemmas,
Scalar::default(),curve25519-dalek::scalar,
lemma_inv_of_product(),curve25519-dalek::lemmas::field_lemmas::field_algebra_lemmas,
a0_0_val(),curve25519-dalek::lemmas::field_lemmas::pow2k_lemmas,
lemma_p_divisibility_facts(),curve25519-dalek::lemmas::common_lemmas::number_theory_lemmas,
term_product_bounds_spec(),curve25519-dalek::lemmas::field_lemmas::pow2k_lemmas,
Scalar52::part2(),curve25519-dalek::backend::serial::u64::scalar,
select_u8(),curve25519-dalek::backend::serial::u64::subtle_assumes,
as_bytes_post(),curve25519-dalek::specs::field_specs,
EdwardsPoint::compress(),curve25519-dalek::edwards,
lemma_backward_step(),curve25519-dalek::lemmas::field_lemmas::batch_invert_lemmas,
Scalar::random(),curve25519-dalek::scalar,
CompressedEdwardsY::to_bytes(),curve25519-dalek::&CompressedEdwardsY#CompressedEdwardsY<[u8;::edwards,
lemma_load8_at_limb_base(),curve25519-dalek::lemmas::field_lemmas::load8_lemmas,
determine_curve25519_dalek_bits_warning(),curve25519-dalek::deterministic,
EdwardsBasepointTable::clone(),curve25519-dalek::edwards,
mul(),curve25519-dalek::backend::serial::scalar_mul::vartime_double_base,
FieldElement51::eq(),curve25519-dalek::field,
lemma_part1_chain_divisibility(),curve25519-dalek::lemmas::scalar_lemmas_::montgomery_reduce_part1_chain_lemmas,
spec_scalars_from_iter(),curve25519-dalek::specs::iterator_specs,
lemma_to_edwards_correctness(),curve25519-dalek::lemmas::edwards_lemmas::decompress_lemmas,
lemma_is_negative_equals_parity(),curve25519-dalek::lemmas::field_lemmas::as_bytes_lemmas,
clamp_integer(),curve25519-dalek::scalar,
lemma_mul_distributive_5_terms(),curve25519-dalek::lemmas::common_lemmas::mul_lemmas,
ProjectivePoint::conditional_select(),curve25519-dalek::montgomery,
test_basepoint_y_matches_rfc(),curve25519-dalek::specs::edwards_specs::basepoint_on_curve_tests,
Mul::mul(),curve25519-dalek::edwards,
lemma_nonzero_product(),curve25519-dalek::lemmas::field_lemmas::field_algebra_lemmas,
lemma_limbs_bounded_implies_limbs_bounded_for_sub(),curve25519-dalek::lemmas::scalar_lemmas,
lemma_edwards_add_canonical(),curve25519-dalek::lemmas::edwards_lemmas::curve_equation_lemmas,
inv_montgomery_radix(),curve25519-dalek::specs::scalar52_specs,
axiom_2_times_486661_not_qr(),curve25519-dalek::lemmas::montgomery_curve_lemmas,
lemma_field_add_add_recover_double(),curve25519-dalek::lemmas::field_lemmas::field_algebra_lemmas,
is_valid_edwards_basepoint_table(),curve25519-dalek::specs::edwards_specs,
field_canonical(),curve25519-dalek::specs::field_specs_u64,
slice128_to_nat(),curve25519-dalek::specs::scalar52_specs,
lemma_load8_at_limb_X(),curve25519-dalek::lemmas::field_lemmas::load8_lemmas,
lemma_part2_bounds(),curve25519-dalek::lemmas::scalar_lemmas_::montgomery_reduce_lemmas,
MontgomeryPoint::is_identity_spec(),curve25519-dalek::montgomery,
lemma_mul_c_i_shift_bounded(),curve25519-dalek::lemmas::field_lemmas::mul_lemmas,
lemma_u8_32_as_nat_zero(),curve25519-dalek::scalar_helpers,
lemma_completed_point_ratios(),curve25519-dalek::lemmas::edwards_lemmas::curve_equation_lemmas,
lemma_naf_digit_bounds(),curve25519-dalek::lemmas::scalar_lemmas_::naf_lemmas,
load8_at(),curve25519-dalek::backend::serial::u64::field,
AffineNielsPoint::identity(),curve25519-dalek::backend::serial::curve_models,
spec_sub_limbs(),curve25519-dalek::specs::field_specs,
product_of_scalars(),curve25519-dalek::specs::scalar_specs,
EdwardsPoint::multiscalar_mul_verus(),curve25519-dalek::edwards,
lemma_prefix_div_extracts_byte(),curve25519-dalek::lemmas::common_lemmas::to_nat_lemmas,
lemma_u64x4_from_le_bytes(),curve25519-dalek::lemmas::common_lemmas::to_nat_lemmas,
load8_at_plus_version_rec(),curve25519-dalek::lemmas::field_lemmas::load8_lemmas,
Scalar52::mul(),curve25519-dalek::backend::serial::u64::scalar,
m(),curve25519-dalek::backend::serial::u64::scalar,
radix_16_digit_bounded(),curve25519-dalek::specs::scalar_specs,
prop_from_bytes(),curve25519-dalek::backend::serial::u64::scalar::test,
lemma_load8_at_limb4(),curve25519-dalek::lemmas::field_lemmas::load8_lemmas,
spec_points_from_iter(),curve25519-dalek::specs::iterator_specs,
lemma_montgomery_square_exponent_double(),curve25519-dalek::lemmas::montgomery_pow_chain_lemmas,
montgomery_radix(),curve25519-dalek::specs::scalar52_specs,
Scalar52::part1(),curve25519-dalek::backend::serial::u64::scalar,
identity_projective_point_edwards(),curve25519-dalek::specs::edwards_specs,
lemma_reconstruct_split(),curve25519-dalek::lemmas::scalar_lemmas_::naf_lemmas,
LookupTable::select(),curve25519-dalek::window,
scalar52_to_nat(),curve25519-dalek::specs::scalar52_specs,
lemma_unique_x_with_parity(),curve25519-dalek::lemmas::edwards_lemmas::curve_equation_lemmas,
lemma_square_multiply_exponent_compose(),curve25519-dalek::lemmas::montgomery_pow_chain_lemmas,
EdwardsBasepointTable::mul_base(),curve25519-dalek::edwards,
lemma_inv_mul_cancel(),curve25519-dalek::lemmas::field_lemmas::field_algebra_lemmas,
lemma_limb1_contribution_correctness_52(),curve25519-dalek::lemmas::scalar_byte_lemmas::scalar_to_bytes_lemmas,
lemma_product_of_complements(),curve25519-dalek::lemmas::common_lemmas::number_theory_lemmas,
is_a_scalar(),curve25519-dalek::scalar,
u64_5_as_nat(),curve25519-dalek::specs::field_specs_u64,
lemma_q_biconditional(),curve25519-dalek::lemmas::field_lemmas::compute_q_lemmas,
c3_0_val(),curve25519-dalek::lemmas::field_lemmas::pow2k_lemmas,
LookupTable::default(),curve25519-dalek::window,
lemma_part2_chain_quotient(),curve25519-dalek::lemmas::scalar_lemmas_::montgomery_reduce_part2_chain_lemmas,
fe51_is_sqrt_ratio_times_i(),curve25519-dalek::specs::field_specs,
is_valid_naf_lookup_table8_affine(),curve25519-dalek::specs::window_specs,
Mul::mul(),curve25519-dalek::backend::serial::u64::field,
negate_field(),curve25519-dalek::core_assumes,
lemma_edwards_double_of_add(),curve25519-dalek::lemmas::edwards_lemmas::curve_equation_lemmas,
RistrettoPoint::sum(),curve25519-dalek::ristretto,
lemma_bytes32_to_radix16_nibbles(),curve25519-dalek::lemmas::scalar_lemmas_::radix16_lemmas,
reduce_with_q_spec(),curve25519-dalek::specs::field_specs_u64,
ci_0_val_boundaries(),curve25519-dalek::lemmas::field_lemmas::pow2k_lemmas,
lemma_zero_is_sqrt_ratio(),curve25519-dalek::lemmas::field_lemmas::sqrt_ratio_lemmas,
EdwardsPoint::double(),curve25519-dalek::edwards,
Neg::neg(),curve25519-dalek::edwards,
CompressedEdwardsY::zeroize(),curve25519-dalek::edwards,
is_uniform_scalar(),curve25519-dalek::specs::proba_specs,
FieldElement51::as_bytes(),curve25519-dalek::FieldElement51#FieldElement51<[u8;::backend::serial::u64::field,
lemma_group_order_smaller_than_pow256(),curve25519-dalek::lemmas::scalar_lemmas,
lemma_factorial_positive(),curve25519-dalek::lemmas::common_lemmas::number_theory_lemmas,
Mul::mul(),curve25519-dalek::edwards,
lemma_word_contribution_decomposition(),curve25519-dalek::lemmas::scalar_lemmas_extra,
lemma_mod_diff_factor(),curve25519-dalek::lemmas::common_lemmas::div_mod_lemmas,
lemma_prove_pow2k_step(),curve25519-dalek::lemmas::field_lemmas::pow_chain_lemmas,
lemma_radix_2w_digit_bounds(),curve25519-dalek::lemmas::scalar_lemmas_::radix_2w_lemmas,
limbs_bounded_for_sub(),curve25519-dalek::specs::scalar52_specs,
lemma_nine_limbs_equals_slice128_to_nat(),curve25519-dalek::lemmas::scalar_lemmas,
lemma_u64x4_cross_word_extraction(),curve25519-dalek::lemmas::scalar_lemmas_::radix_2w_lemmas,
lemma_r4_bound_from_canonical(),curve25519-dalek::lemmas::scalar_lemmas_::montgomery_reduce_lemmas,
u8_32_as_group_canonical(),curve25519-dalek::specs::scalar_specs,
lemma_l_equals_group_order(),curve25519-dalek::lemmas::scalar_lemmas,
math_edwards_identity(),curve25519-dalek::specs::edwards_specs,
limb2_byte_contribution(),curve25519-dalek::lemmas::field_lemmas::limbs_to_bytes_lemmas,
Scalar::fmt(),curve25519-dalek::scalar,
z_nonzero(),curve25519-dalek::specs::edwards_specs::eight_torsion_tests,
lemma_p_gt_small(),curve25519-dalek::lemmas::montgomery_curve_lemmas,
u32_to_le_bytes(),curve25519-dalek::core_assumes,
axiom_hash_is_canonical(),curve25519-dalek::core_assumes,
lemma_pp_minus_mm(),curve25519-dalek::lemmas::field_lemmas::field_algebra_lemmas,
LookupTable::zeroize(),curve25519-dalek::window,
lemma_square_mod_noop(),curve25519-dalek::lemmas::field_lemmas::field_algebra_lemmas,
Scalar52::from_bytes_wide(),curve25519-dalek::Scalar52<&[u8;::backend::serial::u64::scalar,
spec_projective_point_edwards(),curve25519-dalek::specs::edwards_specs,
montgomery_add(),curve25519-dalek::specs::montgomery_specs,
lemma_part2_carry_cancellation(),curve25519-dalek::lemmas::scalar_lemmas_::montgomery_reduce_part2_chain_lemmas,
lemma_square_matches_field_square(),curve25519-dalek::lemmas::field_lemmas::field_algebra_lemmas,
EdwardsPoint::fmt(),curve25519-dalek::edwards,
lemma_naf_window_no_overflow(),curve25519-dalek::lemmas::scalar_lemmas_::naf_lemmas,
Scalar52::montgomery_mul(),curve25519-dalek::backend::serial::u64::scalar,
spec_identity_affine_niels(),curve25519-dalek::specs::edwards_specs,
lemma_identity_array_satisfies_input_bounds(),curve25519-dalek::lemmas::scalar_lemmas_::montgomery_reduce_lemmas,
Add::add(),curve25519-dalek::edwards,
Mul::mul(),curve25519-dalek::edwards,
seq_from16(),curve25519-dalek::core_assumes,
lemma_reverse_distribute_sub(),curve25519-dalek::lemmas::field_lemmas::field_algebra_lemmas,
lemma_field_add_sub_recover_double(),curve25519-dalek::lemmas::field_lemmas::field_algebra_lemmas,
lemma_cast_then_mask_51(),curve25519-dalek::lemmas::field_lemmas::pow2_51_lemmas,
lemma_pow_nat_is_nat(),curve25519-dalek::lemmas::common_lemmas::pow_lemmas,
field_neg(),curve25519-dalek::specs::field_specs,
is_valid_montgomery_affine(),curve25519-dalek::specs::montgomery_specs,
lemma_field_mul_assoc(),curve25519-dalek::lemmas::field_lemmas::field_algebra_lemmas,
is_valid_lookup_table_projective(),curve25519-dalek::specs::window_specs,
lemma_chain_exp_is_l_minus_2(),curve25519-dalek::lemmas::montgomery_pow_chain_lemmas,
lemma_a_times_inv_ab_is_inv_b(),curve25519-dalek::lemmas::field_lemmas::field_algebra_lemmas,
fe51_as_nat(),curve25519-dalek::specs::field_specs,
vec_to_optional_edwards_iter(),curve25519-dalek::specs::iterator_specs,
axiom_edwards_add_associative(),curve25519-dalek::lemmas::edwards_lemmas::curve_equation_lemmas,
limb1_byte_contribution(),curve25519-dalek::lemmas::field_lemmas::limbs_to_bytes_lemmas,
is_identity_edwards_point(),curve25519-dalek::specs::edwards_specs,
EdwardsPoint::mul_by_pow_2(),curve25519-dalek::edwards,
axiom_gcd_pow2_odd(),curve25519-dalek::lemmas::common_lemmas::number_theory_lemmas,
lemma_load8_at_plus_version_is_spec_aux(),curve25519-dalek::lemmas::field_lemmas::load8_lemmas,
lemma_group_order_bound(),curve25519-dalek::lemmas::scalar_lemmas,
lemma_fermat_cancellation(),curve25519-dalek::lemmas::common_lemmas::number_theory_lemmas,
u64_5_as_group_canonical(),curve25519-dalek::specs::scalar52_specs,
lemma_field_sub_self(),curve25519-dalek::lemmas::field_lemmas::field_algebra_lemmas,
Scalar::batch_invert(),curve25519-dalek::scalar,
canonical_sqrt(),curve25519-dalek::specs::montgomery_specs,
compute_q_spec(),curve25519-dalek::specs::field_specs_u64,
lemma_field_add_sub_cancel(),curve25519-dalek::lemmas::field_lemmas::field_algebra_lemmas,
CompressedRistretto::ct_eq(),curve25519-dalek::ristretto,
lemma_decomposition_prefix_rec(),curve25519-dalek::lemmas::common_lemmas::to_nat_lemmas,
mul(),curve25519-dalek::backend::serial::scalar_mul::variable_base,
RistrettoPoint::lizard_decode(),"curve25519-dalek::=::Digest<OutputSize::+::Digest::D:::::::::16]>
where
::&RistrettoPoint#RistrettoPoint<Option<[u8;::lizard::lizard_ristretto",
lemma_pow2_div_mod(),curve25519-dalek::lemmas::common_lemmas::pow_lemmas,
FieldElement51::batch_invert(),curve25519-dalek::field,
lemma_u8_32_as_nat_equals_rec(),curve25519-dalek::lemmas::common_lemmas::to_nat_lemmas,
spec_reduce(),curve25519-dalek::specs::field_specs_u64,
Add::add(),curve25519-dalek::backend::serial::u64::field,
axiom_montgomery_a_neg_is_neg_a(),curve25519-dalek::lemmas::montgomery_curve_lemmas,
sum_of_points(),curve25519-dalek::specs::edwards_specs,
lemma_part1_correctness(),curve25519-dalek::lemmas::scalar_lemmas_::montgomery_reduce_lemmas,
lemma_double_negation(),curve25519-dalek::lemmas::field_lemmas::field_algebra_lemmas,
Sub::sub(),curve25519-dalek::edwards,
lemma_rr_equals_spec(),curve25519-dalek::lemmas::scalar_lemmas,
ProjectivePoint::fmt(),curve25519-dalek::backend::serial::curve_models,
axiom_edwards_scalar_mul_signed_additive(),curve25519-dalek::lemmas::edwards_lemmas::curve_equation_lemmas,
even_sum_up_to(),curve25519-dalek::lemmas::edwards_lemmas::mul_base_lemmas,
RistrettoPoint::xcoset4(),curve25519-dalek::&RistrettoPoint#RistrettoPoint<[EdwardsPoint;::lizard::lizard_ristretto,
lemma_as_bytes_boundaries1(),curve25519-dalek::lemmas::field_lemmas::as_bytes_lemmas,
axiom_montgomery_add_associative(),curve25519-dalek::lemmas::montgomery_curve_lemmas,
lemma_field_curve_eq_x2v_eq_u(),curve25519-dalek::lemmas::field_lemmas::field_algebra_lemmas,
lemma_as_bytes_boundaries2(),curve25519-dalek::lemmas::field_lemmas::as_bytes_lemmas,
sqrt_ratio_i_math_post(),curve25519-dalek::specs::field_specs,
Mul::mul(),curve25519-dalek::montgomery,
Scalar::from_hash(),curve25519-dalek::scalar,
Mul::mul(),curve25519-dalek::scalar,
FieldElement51::pow_p58(),curve25519-dalek::field,
u128_from_le_bytes(),curve25519-dalek::core_assumes,
Scalar::non_adjacent_form(),curve25519-dalek::&Scalar#Scalar<[i8;::scalar,
bytes_match_limbs_packing(),curve25519-dalek::lemmas::field_lemmas::limbs_to_bytes_lemmas,
naf_lookup_table5_projective_limbs_bounded(),curve25519-dalek::specs::window_specs,
axiom_eight_torsion_well_formed(),curve25519-dalek::specs::edwards_specs,
lemma_decompress_spec_matches_point(),curve25519-dalek::lemmas::edwards_lemmas::decompress_lemmas,
Scalar::from(),curve25519-dalek::scalar,
u64_from_le_bytes(),curve25519-dalek::core_assumes,
lemma_bits_be_as_nat_eq_bits_from_index(),curve25519-dalek::lemmas::common_lemmas::bits_as_nat_lemmas,
lemma_edwards_scalar_mul_succ(),curve25519-dalek::lemmas::edwards_lemmas::curve_equation_lemmas,
spec_ristretto_compress(),curve25519-dalek::specs::ristretto_specs,
NafLookupTable8::from(),curve25519-dalek::window,
Add::add(),curve25519-dalek::ristretto,
lemma_u64_5_as_nat_add(),curve25519-dalek::lemmas::field_lemmas::u64_5_as_nat_lemmas,
test_2_times_486661_not_qr(),curve25519-dalek::lemmas::montgomery_curve_lemmas::test_qr_axioms,
lemma_radix51_telescoping_expansion(),curve25519-dalek::lemmas::field_lemmas::compute_q_lemmas,
spec_xdbl_projective(),curve25519-dalek::lemmas::montgomery_curve_lemmas,
NafLookupTable5::select(),curve25519-dalek::window,
lemma_montgomery_scalar_mul_one(),curve25519-dalek::lemmas::montgomery_curve_lemmas,
ProjectivePoint::identity(),curve25519-dalek::montgomery,
lemma_field_mul_comm(),curve25519-dalek::lemmas::field_lemmas::field_algebra_lemmas,
lemma_partial_product_prefix_eq(),curve25519-dalek::lemmas::scalar_batch_invert_lemmas,
spec_clamp_integer(),curve25519-dalek::specs::scalar_specs,
is_valid_completed_point(),curve25519-dalek::specs::edwards_specs,
RistrettoPoint::add_assign(),curve25519-dalek::ristretto,
main(),curve25519-dalek::lemmas::field_lemmas::u64_5_as_nat_lemmas,
edwards_y_from_montgomery_u(),curve25519-dalek::specs::montgomery_specs,
top_half(),curve25519-dalek::scalar,
lemma_square_multiply_step(),curve25519-dalek::lemmas::scalar_lemmas,
field_inv_property(),curve25519-dalek::specs::field_specs,
axiom_uniform_point_add(),curve25519-dalek::specs::proba_specs,
Scalar::ct_eq(),curve25519-dalek::scalar,
m(),curve25519-dalek::backend::serial::u64::field,
Scalar::eq(),curve25519-dalek::scalar,
lemma_from_u8_32_as_nat(),curve25519-dalek::lemmas::field_lemmas::from_bytes_lemmas,
Scalar::as_radix_2w(),curve25519-dalek::&Scalar#Scalar<[i8;::scalar,
lemma_chunk_extraction_commutes_with_mod(),curve25519-dalek::lemmas::common_lemmas::pow_lemmas,
axiom_group_order_is_prime(),curve25519-dalek::specs::primality_specs,
EdwardsPoint::as_affine_niels(),curve25519-dalek::edwards,
BasepointTable::mul_base_clamped(),curve25519-dalek::&Self#BasepointTable<[u8;::traits,
MontgomeryPoint::as_bytes(),curve25519-dalek::&MontgomeryPoint#MontgomeryPoint<[u8;::montgomery,
lemma_reassociate_2_z_num(),curve25519-dalek::lemmas::field_lemmas::field_algebra_lemmas,
lemma_invert_exponent_arithmetic(),curve25519-dalek::lemmas::field_lemmas::invert_lemmas,
lemma_field_curve_point_implies_valid_y(),curve25519-dalek::lemmas::field_lemmas::field_algebra_lemmas,
lemma_montgomery_scalar_mul_double(),curve25519-dalek::lemmas::montgomery_curve_lemmas,
lemma_edwards_add_identity_left(),curve25519-dalek::lemmas::edwards_lemmas::curve_equation_lemmas,
FieldElement51::add_assign(),curve25519-dalek::backend::serial::u64::field,
is_independent_uniform_bytes32(),curve25519-dalek::specs::proba_specs,
Scalar52::sub_new(),curve25519-dalek::backend::serial::u64::scalar,
a1_0_val(),curve25519-dalek::lemmas::field_lemmas::pow2k_lemmas,
lemma_bytes_as_nat_prefix_bounded(),curve25519-dalek::lemmas::common_lemmas::to_nat_lemmas,
EdwardsBasepointTable::create(),curve25519-dalek::edwards,
CompressedEdwardsY::identity(),curve25519-dalek::edwards,
Scalar::product(),curve25519-dalek::scalar,
test_eight_torsion_well_formed(),curve25519-dalek::specs::edwards_specs::eight_torsion_tests,
lemma_montgomery_mul_partial_product(),curve25519-dalek::lemmas::scalar_batch_invert_lemmas,
lemma_fermat_strong(),curve25519-dalek::lemmas::common_lemmas::number_theory_lemmas,
axiom_add_neg_is_identity(),curve25519-dalek::lemmas::edwards_lemmas::curve_equation_lemmas,
a0_2_val(),curve25519-dalek::lemmas::field_lemmas::pow2k_lemmas,
mul_c2_0_val(),curve25519-dalek::lemmas::field_lemmas::mul_lemmas,
lemma_div_bound(),curve25519-dalek::lemmas::common_lemmas::pow_lemmas,
lemma_valid_extended_point_affine_on_curve(),curve25519-dalek::lemmas::edwards_lemmas::curve_equation_lemmas,
lemma_pp_plus_mm(),curve25519-dalek::lemmas::field_lemmas::field_algebra_lemmas,
Straus::multiscalar_mul_verus(),curve25519-dalek::backend::serial::scalar_mul::straus,
lemma_mul_internal_limbs_bounds(),curve25519-dalek::lemmas::scalar_lemmas_::montgomery_reduce_lemmas,
Scalar52::mul_internal(),curve25519-dalek::Scalar52<[u128;::backend::serial::u64::scalar,
a4_0_val(),curve25519-dalek::lemmas::field_lemmas::pow2k_lemmas,
lemma_field51_add(),curve25519-dalek::lemmas::field_lemmas::add_lemmas,
lemma_pow2_mul_div_mod_small_div(),curve25519-dalek::lemmas::common_lemmas::pow_lemmas,
pow2_mul_div_mod_small_div_u8_t51_cond(),curve25519-dalek::lemmas::field_lemmas::load8_lemmas,
axiom_ed25519_basepoint_table_valid(),curve25519-dalek::specs::edwards_specs,
partial_product(),curve25519-dalek::lemmas::scalar_batch_invert_lemmas,
axiom_scalar_mul_distributes_over_neg(),curve25519-dalek::lemmas::edwards_lemmas::curve_equation_lemmas,
MontgomeryPoint::mul_bits_be(),curve25519-dalek::montgomery,
Scalar::is_canonical(),curve25519-dalek::scalar,
lemma_montgomery_reduced_sum_congruent(),curve25519-dalek::lemmas::scalar_lemmas_extra,
lemma_negate_affine_niels_is_edwards_neg(),curve25519-dalek::lemmas::edwards_lemmas::curve_equation_lemmas,
EdwardsPoint::is_small_order(),curve25519-dalek::edwards,
lemma_naf_width_properties(),curve25519-dalek::lemmas::scalar_lemmas_::naf_lemmas,
MontgomeryPoint::mul_assign(),curve25519-dalek::montgomery,
RistrettoPoint::identity(),curve25519-dalek::ristretto,
lemma_u64x4_single_word_decompose_generic(),curve25519-dalek::lemmas::scalar_lemmas_::radix_2w_lemmas,
ProjectiveNielsPoint::conditional_assign(),curve25519-dalek::backend::serial::curve_models,
lemma_gcd_divides_both(),curve25519-dalek::lemmas::common_lemmas::number_theory_lemmas,
spec_load8_at(),curve25519-dalek::specs::core_specs,
is_square_of(),curve25519-dalek::specs::field_specs,
lemma_pow2_geometric(),curve25519-dalek::lemmas::common_lemmas::pow_lemmas,
Pippenger::optional_multiscalar_mul(),curve25519-dalek::backend::serial::scalar_mul::pippenger,
RistrettoPoint::sub_assign(),curve25519-dalek::ristretto,
lemma_assemble_mod_div(),curve25519-dalek::lemmas::field_lemmas::from_bytes_lemmas,
lemma_u8_32_as_nat_one(),curve25519-dalek::scalar_helpers,
is_canonical_scalar(),curve25519-dalek::specs::scalar_specs,
lemma_edwards_scalar_mul_signed_composition(),curve25519-dalek::lemmas::edwards_lemmas::curve_equation_lemmas,
Scalar::reduce(),curve25519-dalek::scalar,
is_valid_u_coordinate(),curve25519-dalek::specs::montgomery_specs,
lemma_reverse_distribute_add(),curve25519-dalek::lemmas::field_lemmas::field_algebra_lemmas,
lemma_pow_p58_prove(),curve25519-dalek::lemmas::field_lemmas::pow_p58_lemma,
lemma_cast_then_mod_51(),curve25519-dalek::lemmas::field_lemmas::pow2_51_lemmas,
u8_32_as_nat_rec(),curve25519-dalek::specs::core_specs,
lemma_u8_32_as_nat_with_trailing_zeros(),curve25519-dalek::lemmas::common_lemmas::to_nat_lemmas,
is_prime(),curve25519-dalek::specs::primality_specs,
lemma_square_root_of_neg_one(),curve25519-dalek::lemmas::field_lemmas::sqrt_m1_lemmas,
lemma_field_halve_double(),curve25519-dalek::lemmas::field_lemmas::field_algebra_lemmas,
lemma_divides_linear_combo(),curve25519-dalek::lemmas::common_lemmas::number_theory_lemmas,
lemma_add_carry_and_sum_bounds(),curve25519-dalek::lemmas::scalar_lemmas,
spec_fe51_from_bytes(),curve25519-dalek::specs::field_specs,
lemma_montgomery_a_value(),curve25519-dalek::lemmas::montgomery_curve_lemmas,
lemma_mul_internal_correct(),curve25519-dalek::lemmas::scalar_lemmas,
spec_xadd_projective(),curve25519-dalek::lemmas::montgomery_curve_lemmas,
lemma_inv_of_inv(),curve25519-dalek::lemmas::field_lemmas::field_algebra_lemmas,
test_edwards_optional_dispatcher_original_vs_verus(),curve25519-dalek::backend::serial::scalar_mul::scalar_mul_tests,
VartimeMultiscalarMul::vartime_multiscalar_mul(),curve25519-dalek::traits,
Mul::mul(),curve25519-dalek::ristretto,
is_inverse_field(),curve25519-dalek::specs::field_specs,
EdwardsPoint::is_torsion_free(),curve25519-dalek::edwards,
lemma_r_bounded(),curve25519-dalek::lemmas::scalar_lemmas,
spec_ristretto_basepoint(),curve25519-dalek::specs::ristretto_specs,
CompressedRistretto::identity(),curve25519-dalek::ristretto,
EdwardsPoint::mul_base(),curve25519-dalek::edwards,
EdwardsBasepointTable::fmt(),curve25519-dalek::edwards,
EdwardsPoint::optional_multiscalar_mul(),curve25519-dalek::edwards,
is_negative(),curve25519-dalek::specs::field_specs,
LookupTable::from(),curve25519-dalek::window,
lemma_div_of_sum(),curve25519-dalek::lemmas::common_lemmas::div_mod_lemmas,
projective_represents_montgomery_or_infinity(),curve25519-dalek::specs::montgomery_specs,
ProjectivePoint::identity(),curve25519-dalek::backend::serial::curve_models,
lemma_masked_lt_51(),curve25519-dalek::lemmas::field_lemmas::pow2_51_lemmas,
lemma_pow2_even(),curve25519-dalek::lemmas::common_lemmas::pow_lemmas,
axiom_from_bytes_independent(),curve25519-dalek::specs::proba_specs,
lemma_binary_sum_div_decomposition(),curve25519-dalek::lemmas::common_lemmas::pow_lemmas,
LookupTable::select(),curve25519-dalek::window,
reconstruct_radix_16(),curve25519-dalek::specs::scalar_specs,
axiom_edwards_d2_is_2d(),curve25519-dalek::lemmas::edwards_lemmas::constants_lemmas,
spec_completed_to_projective(),curve25519-dalek::specs::edwards_specs,
lemma_single_stage_division(),curve25519-dalek::lemmas::field_lemmas::compute_q_lemmas,
test_wrapping_mul_mask_equals_mod(),curve25519-dalek::backend::serial::u64::scalar::test,
lemma_group_order_is_odd(),curve25519-dalek::lemmas::scalar_lemmas,
lemma_edwards_double_identity(),curve25519-dalek::lemmas::edwards_lemmas::curve_equation_lemmas,
field_mul(),curve25519-dalek::specs::field_specs,
lemma_recover_xy_from_niels_encoding(),curve25519-dalek::lemmas::edwards_lemmas::curve_equation_lemmas,
ct_option_value(),curve25519-dalek::backend::serial::u64::subtle_assumes,
test_nonsquare_branch_identity(),curve25519-dalek::lemmas::montgomery_curve_lemmas::test_qr_axioms,
lemma_limb3_contribution_correctness(),curve25519-dalek::lemmas::field_lemmas::limbs_to_bytes_lemmas,
conditional_select_u64(),curve25519-dalek::backend::serial::u64::subtle_assumes,
limbs52_to_nat(),curve25519-dalek::specs::scalar52_specs,
Add::add(),curve25519-dalek::scalar,
lemma_u_coordinate_scalar_mul_canonical_lift_zero(),curve25519-dalek::lemmas::montgomery_curve_lemmas,
Scalar::as_bytes(),curve25519-dalek::&Scalar#Scalar<[u8;::scalar,
step_1(),curve25519-dalek::ristretto::decompress,
edwards_point_limbs_bounded(),curve25519-dalek::specs::edwards_specs,
RistrettoPoint::from_uniform_bytes_single_elligator(),curve25519-dalek::RistrettoPoint<&[u8;::lizard::lizard_ristretto,
product_of_field_elems(),curve25519-dalek::specs::field_specs,
pippenger_optional_multiscalar_mul_verus(),curve25519-dalek::backend,
spec_projective_u_coordinate(),curve25519-dalek::specs::montgomery_specs,
lemma_u64_div_and_mod_51(),curve25519-dalek::lemmas::field_lemmas::pow2_51_lemmas,
AffineNielsPoint::fmt(),curve25519-dalek::backend::serial::curve_models,
lemma_bytes_suffix_matches_word_partial(),curve25519-dalek::lemmas::scalar_lemmas_extra,
lemma_carry_propagation_is_division(),curve25519-dalek::lemmas::field_lemmas::compute_q_lemmas,
Neg::neg(),curve25519-dalek::scalar,
test_edwards_multiscalar_dispatcher_original_vs_verus(),curve25519-dalek::backend::serial::scalar_mul::scalar_mul_tests,
lemma_pow2_mul_div_mod_small_mod(),curve25519-dalek::lemmas::common_lemmas::pow_lemmas,
lemma_sqrt_ratio_failure_means_invalid_y(),curve25519-dalek::lemmas::edwards_lemmas::step1_lemmas,
lemma_mul_internal_no_overflow(),curve25519-dalek::lemmas::scalar_lemmas,
lemma_four_doublings_is_mul_16(),curve25519-dalek::lemmas::edwards_lemmas::curve_equation_lemmas,
lemma_square_root_of_unity(),curve25519-dalek::lemmas::common_lemmas::number_theory_lemmas,
montgomery_affine_u(),curve25519-dalek::specs::montgomery_specs,
limb0_byte_contribution(),curve25519-dalek::lemmas::field_lemmas::limbs_to_bytes_lemmas,
u64_5_as_nat_generic_radix(),curve25519-dalek::specs::core_specs,
lemma_bytes_to_word_equivalence(),curve25519-dalek::lemmas::scalar_byte_lemmas::bytes_to_scalar_lemmas,
lemma_radix16_odd_scalar_step(),curve25519-dalek::lemmas::edwards_lemmas::mul_base_lemmas,
word64_from_bytes(),curve25519-dalek::specs::core_specs,
lemma_term_product_bounds(),curve25519-dalek::lemmas::field_lemmas::pow2k_lemmas,
Scalar52::square_internal(),curve25519-dalek::Scalar52<[u128;::backend::serial::u64::scalar,
lemma_invert_zero_case(),curve25519-dalek::lemmas::field_lemmas::invert_lemmas,
lemma_mul_sub(),curve25519-dalek::lemmas::field_lemmas::pow2_51_lemmas,
projective_represents_montgomery(),curve25519-dalek::specs::montgomery_specs,
byte_bits_value(),curve25519-dalek::specs::core_specs,
lemma_seq_u64_to_nat_subrange_extend(),curve25519-dalek::lemmas::scalar_lemmas,
Scalar::to_radix_2w_size_hint(),curve25519-dalek::scalar,
sqrt_ratio_i_bounded_post(),curve25519-dalek::specs::field_specs,
FieldElement51::invert(),curve25519-dalek::field,
FieldElement51::sqrt_ratio_i(),"curve25519-dalek::FieldElement51<(Choice,::field",
lemma_one_limbs_bounded_51(),curve25519-dalek::lemmas::field_lemmas::constants_lemmas,
CompressedEdwardsY::from_slice(),curve25519-dalek::edwards,
is_uniform_over_elligator_image(),curve25519-dalek::specs::proba_specs,
lemma_mul_factors_congruent_implies_products_congruent(),curve25519-dalek::lemmas::scalar_lemmas,
projective_niels_corresponds_to_edwards(),curve25519-dalek::specs::edwards_specs,
CompletedPoint::as_extended(),curve25519-dalek::backend::serial::curve_models,
pow2k_loop_boundary_spec(),curve25519-dalek::lemmas::field_lemmas::pow2k_lemmas,
lemma_partial_product_nonzeros_is_nonzero(),curve25519-dalek::lemmas::field_lemmas::batch_invert_lemmas,
lemma_identity_array_satisfies_canonical_bound(),curve25519-dalek::lemmas::scalar_lemmas_::montgomery_reduce_lemmas,
lemma_q_times_i_eq_y(),curve25519-dalek::lemmas::field_lemmas::sqrt_m1_lemmas,
axiom_minus_one_field_element_value(),curve25519-dalek::lemmas::field_lemmas::constants_lemmas,
lemma_c_i_shift_bounded(),curve25519-dalek::lemmas::field_lemmas::pow2k_lemmas,
lemma_montgomery_scalar_mul_succ(),curve25519-dalek::lemmas::montgomery_curve_lemmas,
lemma_negation_preserves_curve(),curve25519-dalek::lemmas::edwards_lemmas::curve_equation_lemmas,
lemma_horner_to_prefix_step(),curve25519-dalek::lemmas::common_lemmas::to_nat_lemmas,
lemma_product_of_squares_eq_square_of_product(),curve25519-dalek::lemmas::field_lemmas::field_algebra_lemmas,
lemma_load8_plus_ver_div_mod(),curve25519-dalek::lemmas::field_lemmas::load8_lemmas,
lemma_mod_sum_both_divisible(),curve25519-dalek::lemmas::common_lemmas::div_mod_lemmas,
lemma_mod_is_zero_when_divisible(),curve25519-dalek::lemmas::common_lemmas::number_theory_lemmas,
lemma_bytes_as_nat_prefix_chunk(),curve25519-dalek::lemmas::common_lemmas::to_nat_lemmas,
FieldElement51::conditional_assign(),curve25519-dalek::backend::serial::u64::field,
collect_optional_points_from_iter(),curve25519-dalek::specs::iterator_specs,
EdwardsPoint::as_projective(),curve25519-dalek::edwards,
AffineNielsPoint::conditional_assign(),curve25519-dalek::backend::serial::curve_models,
lemma_spec_fe51_to_bytes_matches_array(),curve25519-dalek::lemmas::field_lemmas::as_bytes_lemmas,
FieldElement51::from_limbs(),curve25519-dalek::backend::serial::u64::field,
lemma_invert_equals_field_inv(),curve25519-dalek::lemmas::field_lemmas::invert_lemmas,
EdwardsPoint::zeroize(),curve25519-dalek::edwards,
lemma_montgomery_a_limbs_bounded_51(),curve25519-dalek::lemmas::field_lemmas::constants_lemmas,
axiom_uniform_bytes_split(),curve25519-dalek::specs::proba_specs,
lemma_edwards_d_limbs_bounded(),curve25519-dalek::lemmas::edwards_lemmas::constants_lemmas,
lemma_limb0_contribution_correctness(),curve25519-dalek::lemmas::field_lemmas::limbs_to_bytes_lemmas,
Scalar52::montgomery_square(),curve25519-dalek::backend::serial::u64::scalar,
montgomery_neg(),curve25519-dalek::specs::montgomery_specs,
lemma_boundary_byte_combines(),curve25519-dalek::lemmas::field_lemmas::limbs_to_bytes_lemmas,
ProjectivePoint::default(),curve25519-dalek::montgomery,
lemma_foil_add(),curve25519-dalek::lemmas::field_lemmas::field_algebra_lemmas,
lemma_field_sub_add_cancel(),curve25519-dalek::lemmas::field_lemmas::field_algebra_lemmas,
lemma_two_times_one_minus_t(),curve25519-dalek::lemmas::field_lemmas::field_algebra_lemmas,
lemma_modular_bit_partitioning(),curve25519-dalek::lemmas::common_lemmas::pow_lemmas,
is_uniform_ristretto_point(),curve25519-dalek::specs::proba_specs,
lemma_exponent_chain_implies_montgomery_inverse(),curve25519-dalek::lemmas::montgomery_pow_chain_lemmas,
edwards_sub(),curve25519-dalek::specs::edwards_specs,
lemma_byte_sum_equals_limb_sum(),curve25519-dalek::lemmas::field_lemmas::limbs_to_bytes_lemmas,
lemma_reduction_carry_propagation_is_division(),curve25519-dalek::lemmas::field_lemmas::to_bytes_reduction_lemmas,
p(),curve25519-dalek::lemmas::montgomery_curve_lemmas::test_qr_axioms,
limbs_bounded(),curve25519-dalek::specs::edwards_specs::eight_torsion_tests,
lemma_limb1_contribution_correctness(),curve25519-dalek::lemmas::field_lemmas::limbs_to_bytes_lemmas,
NafLookupTable5::fmt(),curve25519-dalek::window,
lemma_x_zero_implies_y_squared_one(),curve25519-dalek::lemmas::edwards_lemmas::curve_equation_lemmas,
lemma_compute_q(),curve25519-dalek::lemmas::field_lemmas::compute_q_lemmas,
lemma_pow22501_prove_t19(),curve25519-dalek::lemmas::field_lemmas::pow22501_t19_lemma,
seq_to_array_32(),curve25519-dalek::core_assumes,
is_valid_naf_lookup_table5_projective(),curve25519-dalek::specs::window_specs,
c0_val(),curve25519-dalek::lemmas::field_lemmas::pow2k_lemmas,
lemma_as_bytes_equals_spec_fe51_to_bytes(),curve25519-dalek::lemmas::field_lemmas::as_bytes_lemmas,
lemma_neg_square_eq(),curve25519-dalek::lemmas::field_lemmas::field_algebra_lemmas,
lemma_as_nat_bound_from_51bit_limbs(),curve25519-dalek::lemmas::field_lemmas::to_bytes_reduction_lemmas,
FieldElement51::reduce(),curve25519-dalek::FieldElement51<[u64;::backend::serial::u64::field,
lemma_pow_nonnegative(),curve25519-dalek::lemmas::common_lemmas::pow_lemmas,
t_high(),curve25519-dalek::specs::montgomery_reduce_specs,
is_valid_radix_2w(),curve25519-dalek::specs::scalar_specs,
is_independent_uniform_field_elements(),curve25519-dalek::specs::proba_specs,
spec_x25519_basepoint_u(),curve25519-dalek::specs::montgomery_specs,
lemma_pm_minus_mp(),curve25519-dalek::lemmas::field_lemmas::field_algebra_lemmas,
vartime_double_base_mul(),curve25519-dalek::backend,
lemma_neg_no_underflow(),curve25519-dalek::lemmas::field_lemmas::negate_lemmas,
lemma_mul_term_product_bounds(),curve25519-dalek::lemmas::field_lemmas::mul_lemmas,
Straus::optional_multiscalar_mul_verus(),curve25519-dalek::backend::serial::scalar_mul::straus,
mul_ci_0_val_boundaries(),curve25519-dalek::lemmas::field_lemmas::mul_lemmas,
lemma_field_sqrt_zero(),curve25519-dalek::lemmas::montgomery_curve_lemmas,
zeroize_bytes32(),curve25519-dalek::core_assumes,
limb_prod_bounded_u128(),curve25519-dalek::specs::scalar52_specs,
EdwardsPoint::sum_original(),curve25519-dalek::edwards,
radix16_even_scalar(),curve25519-dalek::lemmas::edwards_lemmas::mul_base_lemmas,
mul_c4_val(),curve25519-dalek::lemmas::field_lemmas::mul_lemmas,
lemma_sum_bounds(),curve25519-dalek::lemmas::common_lemmas::sum_lemmas,
EdwardsPoint::identity(),curve25519-dalek::edwards,
lemma_u64x4_cross_word_decompose(),curve25519-dalek::lemmas::scalar_lemmas_::radix_2w_lemmas,
conditional_negate_field_element(),curve25519-dalek::backend::serial::u64::subtle_assumes,
lemma_mod_sum_factor(),curve25519-dalek::lemmas::common_lemmas::div_mod_lemmas,
load8_at_or_version_rec(),curve25519-dalek::lemmas::field_lemmas::load8_lemmas,
Mul::mul(),curve25519-dalek::ristretto,
CompletedPoint::as_projective(),curve25519-dalek::backend::serial::curve_models,
spec_fe51_as_bytes(),curve25519-dalek::specs::field_specs,
lemma_even_sum_up_to_step_odd(),curve25519-dalek::lemmas::edwards_lemmas::mul_base_lemmas,
RistrettoPoint::from_hash(),curve25519-dalek::ristretto,
Scalar52::square(),curve25519-dalek::backend::serial::u64::scalar,
lemma_shr_51_fits_u64(),curve25519-dalek::lemmas::field_lemmas::pow2_51_lemmas,
Scalar52::montgomery_invert(),curve25519-dalek::scalar,
select(),curve25519-dalek::backend::serial::u64::subtle_assumes,
projective_niels_point_as_affine_edwards(),curve25519-dalek::specs::edwards_specs,
lemma_montgomery_radix_nonzero_mod_group_order(),curve25519-dalek::lemmas::scalar_lemmas,
lemma_from_le_bytes(),curve25519-dalek::lemmas::common_lemmas::to_nat_lemmas,
lemma_limb_from_adjacent_words(),curve25519-dalek::lemmas::scalar_lemmas_extra,
spec_xdbladd_projective(),curve25519-dalek::lemmas::montgomery_curve_lemmas,
is_valid_lookup_table_affine(),curve25519-dalek::specs::window_specs,
lemma_basepoint_table_select(),curve25519-dalek::lemmas::edwards_lemmas::mul_base_lemmas,
axiom_p_is_prime(),curve25519-dalek::specs::primality_specs,
Scalar::add_assign(),curve25519-dalek::scalar,
ProjectivePoint::as_extended(),curve25519-dalek::backend::serial::curve_models,
lemma_two_times_one_plus_t(),curve25519-dalek::lemmas::field_lemmas::field_algebra_lemmas,
RistrettoPoint::zeroize(),curve25519-dalek::ristretto,
lemma_field_mul_one_right(),curve25519-dalek::lemmas::field_lemmas::field_algebra_lemmas,
MontgomeryPoint::default(),curve25519-dalek::montgomery,
negate_projective_niels(),curve25519-dalek::specs::edwards_specs,
affine_niels_point_as_affine_edwards(),curve25519-dalek::specs::edwards_specs,
lemma_sub_affine_niels_completed_valid(),curve25519-dalek::lemmas::edwards_lemmas::niels_addition_correctness,
lemma_swap_sub_negates_mul(),curve25519-dalek::lemmas::field_lemmas::field_algebra_lemmas,
lemma_montgomery_add_zero_point_doubles_to_infinity(),curve25519-dalek::lemmas::montgomery_curve_lemmas,
math_on_edwards_curve_projective(),curve25519-dalek::specs::edwards_specs,
CompressedRistretto::zeroize(),curve25519-dalek::ristretto,
lemma_montgomery_reduce_pre_sub(),curve25519-dalek::lemmas::scalar_lemmas_::montgomery_reduce_lemmas,
lemma_load8_shift_mod_aux(),curve25519-dalek::lemmas::field_lemmas::load8_lemmas,
spec_extended_gcd(),curve25519-dalek::lemmas::common_lemmas::number_theory_lemmas,
lemma_two_l_div_pow2_208_eq_pow2_45(),curve25519-dalek::lemmas::scalar_lemmas_::montgomery_reduce_lemmas,
lemma_byte_extraction_commutes_with_mod(),curve25519-dalek::lemmas::field_lemmas::limbs_to_bytes_lemmas,
lemma_select_projective_is_signed_scalar_mul(),curve25519-dalek::lemmas::edwards_lemmas::mul_base_lemmas,
naf_lookup_table5_affine_limbs_bounded(),curve25519-dalek::specs::window_specs,
lemma_prove_geometric_mul_step(),curve25519-dalek::lemmas::field_lemmas::pow_chain_lemmas,
lemma_boundary_byte_combines_52(),curve25519-dalek::lemmas::scalar_byte_lemmas::scalar_to_bytes_lemmas,
lemma_projective_niels_affine_equals_edwards_affine(),curve25519-dalek::lemmas::edwards_lemmas::curve_equation_lemmas,
choice_not(),curve25519-dalek::backend::serial::u64::subtle_assumes,
is_uniform(),curve25519-dalek::specs::proba_specs,
lemma_affine_niels_affine_equals_edwards_affine(),curve25519-dalek::lemmas::edwards_lemmas::curve_equation_lemmas,
CompressedRistretto::default(),curve25519-dalek::ristretto,
montgomery_congruent(),curve25519-dalek::specs::montgomery_reduce_specs,
Straus::optional_multiscalar_mul(),curve25519-dalek::backend::serial::scalar_mul::straus,
compute_unmasked_limbs(),curve25519-dalek::specs::field_specs_u64,
axiom_montgomery_add_inverse(),curve25519-dalek::lemmas::montgomery_curve_lemmas,
axiom_ed25519_basepoint_canonical(),curve25519-dalek::specs::edwards_specs,
AffineNielsPoint::default(),curve25519-dalek::backend::serial::curve_models,
lemma_divides_linear_combo_sub(),curve25519-dalek::lemmas::common_lemmas::number_theory_lemmas,
Scalar52::from_montgomery(),curve25519-dalek::backend::serial::u64::scalar,
RistrettoPoint::optional_multiscalar_mul_verus(),curve25519-dalek::ristretto,
lemma_solve_for_left_factor(),curve25519-dalek::lemmas::field_lemmas::field_algebra_lemmas,
lemma_bezout_identity(),curve25519-dalek::lemmas::common_lemmas::number_theory_lemmas,
scalar_as_nat(),curve25519-dalek::specs::scalar_specs,
lemma_u64x4_cross_word_reduce_to_two(),curve25519-dalek::lemmas::scalar_lemmas_::radix_2w_lemmas,
lemma_i_inverse_is_neg_i(),curve25519-dalek::lemmas::field_lemmas::sqrt_m1_lemmas,
axiom_uniform_elligator(),curve25519-dalek::specs::proba_specs,
lemma_bits_as_nat_rec_eq_pow2_mul_bits_from_index(),curve25519-dalek::lemmas::common_lemmas::bits_as_nat_lemmas,
is_valid_naf_lookup_table5_affine(),curve25519-dalek::specs::window_specs,
RistrettoPoint::hash_from_bytes_verus(),curve25519-dalek::ristretto,
Scalar::to_bytes(),curve25519-dalek::&Scalar#Scalar<[u8;::scalar,
lemma_as_radix_2w_postconditions(),curve25519-dalek::lemmas::scalar_lemmas_::radix_2w_lemmas,
u16_from_le_bytes(),curve25519-dalek::core_assumes,
MontgomeryPoint::to_bytes(),curve25519-dalek::&MontgomeryPoint#MontgomeryPoint<[u8;::montgomery,
EdwardsPoint::default(),curve25519-dalek::edwards,
words_as_nat_u64(),curve25519-dalek::specs::core_specs,
lemma_zero_bounded(),curve25519-dalek::lemmas::scalar_lemmas,
Neg::neg(),curve25519-dalek::backend::serial::curve_models,
lemma_canonical_scalar_mul_u_coord_reduced(),curve25519-dalek::lemmas::montgomery_curve_lemmas,
Scalar::mul_assign(),curve25519-dalek::scalar,
Scalar52::index(),curve25519-dalek::backend::serial::u64::scalar,
lemma_pow2k_loop_boundary(),curve25519-dalek::lemmas::field_lemmas::pow2k_lemmas,
lemma_6_bytes_reconstruct(),curve25519-dalek::lemmas::field_lemmas::limbs_to_bytes_lemmas,
lemma_cancel_z_from_ratios(),curve25519-dalek::lemmas::edwards_lemmas::niels_addition_correctness,
VartimePrecomputedStraus::new(),curve25519-dalek::backend,
Sub::sub(),curve25519-dalek::scalar,
Scalar::sub_assign(),curve25519-dalek::scalar,
is_clamped_integer(),curve25519-dalek::specs::scalar_specs,
lemma_scalar_zero_properties(),curve25519-dalek::scalar_helpers,
c0_0_val(),curve25519-dalek::lemmas::field_lemmas::pow2k_lemmas,
lemma_w_digits_count_concrete(),curve25519-dalek::lemmas::scalar_lemmas_::radix_2w_lemmas,
pippenger_partial(),curve25519-dalek::lemmas::edwards_lemmas::mul_base_lemmas,
lemma_cancel_common_factor(),curve25519-dalek::lemmas::field_lemmas::field_algebra_lemmas,
lemma_u8_32_as_nat_lower_bound(),curve25519-dalek::lemmas::common_lemmas::to_nat_lemmas,
RistrettoPoint::hash_from_bytes(),curve25519-dalek::ristretto,
compressed_edwards_y_corresponds_to_edwards(),curve25519-dalek::specs::edwards_specs,
axiom_edwards_to_montgomery_preserves_validity(),curve25519-dalek::lemmas::montgomery_curve_lemmas,
lemma_n_times_l_expansion(),curve25519-dalek::lemmas::scalar_lemmas_::montgomery_reduce_part1_chain_lemmas,
FieldElement51::is_zero(),curve25519-dalek::field,
FieldElement51::invsqrt(),"curve25519-dalek::&FieldElement51#FieldElement51<(Choice,::field",
lemma_sqrt_ratio_check_value(),curve25519-dalek::lemmas::field_lemmas::sqrt_ratio_lemmas,
sum_of_limbs_bounded(),curve25519-dalek::specs::field_specs,
axiom_montgomery_add_identity(),curve25519-dalek::lemmas::montgomery_curve_lemmas,
lemma_edwards_add_commutative(),curve25519-dalek::lemmas::edwards_lemmas::curve_equation_lemmas,
lemma_bits_as_nat_lt_pow2_255_implies_msb_false(),curve25519-dalek::lemmas::common_lemmas::bits_as_nat_lemmas,
BasepointTable::create(),curve25519-dalek::traits,
scalar_as_canonical(),curve25519-dalek::specs::scalar_specs,
lemma_byte_to_word_step(),curve25519-dalek::lemmas::scalar_byte_lemmas::bytes_to_scalar_lemmas,
lemma_limb2_contribution_correctness(),curve25519-dalek::lemmas::field_lemmas::limbs_to_bytes_lemmas,
Scalar52::sub(),curve25519-dalek::backend::serial::u64::scalar,
lemma_mul_distributive_4_terms(),curve25519-dalek::lemmas::common_lemmas::mul_lemmas,
lemma_invert_correctness(),curve25519-dalek::lemmas::field_lemmas::invert_lemmas,
lemma_pow252(),curve25519-dalek::lemmas::scalar_lemmas,
lemma_product_nonzero_mod_prime(),curve25519-dalek::lemmas::common_lemmas::number_theory_lemmas,
EdwardsPoint::mul_assign(),curve25519-dalek::edwards,
c1_val(),curve25519-dalek::lemmas::field_lemmas::pow2k_lemmas,
a2_0_val(),curve25519-dalek::lemmas::field_lemmas::pow2k_lemmas,
lemma_inv_preserves_non_qr(),curve25519-dalek::lemmas::montgomery_curve_lemmas,
Scalar52::from_bytes(),curve25519-dalek::Scalar52<&[u8;::backend::serial::u64::scalar,
lemma_extended_gcd_is_gcd(),curve25519-dalek::lemmas::common_lemmas::number_theory_lemmas,
proof_negate(),curve25519-dalek::lemmas::field_lemmas::negate_lemmas,
axiom_nonsquare_branch_r_sq(),curve25519-dalek::lemmas::montgomery_curve_lemmas,
fe51_limbs_bounded(),curve25519-dalek::specs::field_specs,
lemma_v_times_sq_uv3_eq_u_times_w(),curve25519-dalek::lemmas::field_lemmas::field_algebra_lemmas,
MontgomeryPoint::hash(),curve25519-dalek::montgomery,
Scalar::bits_le(),curve25519-dalek::&Scalar#Scalar<[bool;::scalar,
RistrettoPoint::from_uniform_bytes(),curve25519-dalek::RistrettoPoint<&[u8;::ristretto,
EdwardsPoint::sum_of_slice(),curve25519-dalek::edwards,
lemma_field_sub_add_common_right(),curve25519-dalek::lemmas::field_lemmas::field_algebra_lemmas,
lemma_sub_projective_niels_completed_valid(),curve25519-dalek::lemmas::edwards_lemmas::niels_addition_correctness,
RistrettoPoint::encode_253_bits(),curve25519-dalek::RistrettoPoint<&[u8;::lizard::lizard_ristretto,
lemma_mul_distributes_over_neg_mod(),curve25519-dalek::lemmas::common_lemmas::div_mod_lemmas,
CompressedEdwardsY::default(),curve25519-dalek::edwards,
nl_high_contribution(),curve25519-dalek::specs::montgomery_reduce_specs,
CompressedRistretto::as_bytes(),curve25519-dalek::&CompressedRistretto#CompressedRistretto<[u8;::ristretto,
EdwardsPoint::iter_count(),curve25519-dalek::edwards,
ai_val_boundaries(),curve25519-dalek::lemmas::field_lemmas::pow2k_lemmas,
a0_1_val(),curve25519-dalek::lemmas::field_lemmas::pow2k_lemmas,
clone_optional_ristretto_iter_with_spec(),curve25519-dalek::specs::iterator_specs,
Scalar52::montgomery_reduce(),curve25519-dalek::backend::serial::u64::scalar,
lemma_pow2_mul_div_mod_close_mod(),curve25519-dalek::lemmas::common_lemmas::pow_lemmas,
to_nat_exec(),curve25519-dalek::backend::serial::u64::scalar::test,
lemma_bits_from_index_eq_byte_bits(),curve25519-dalek::lemmas::common_lemmas::bits_as_nat_lemmas,
lemma_multiply_by_i_flips_sign(),curve25519-dalek::lemmas::field_lemmas::sqrt_m1_lemmas,
lemma_invert_power_chain(),curve25519-dalek::lemmas::field_lemmas::invert_lemmas,
lemma_fe51_unit_is_one(),curve25519-dalek::lemmas::field_lemmas::u64_5_as_nat_lemmas,
lemma_words_to_scalar(),curve25519-dalek::lemmas::scalar_byte_lemmas::bytes_to_scalar_lemmas,
lemma_u64_5_as_nat_sub(),curve25519-dalek::lemmas::field_lemmas::u64_5_as_nat_lemmas,
CompressedRistretto::to_bytes(),curve25519-dalek::&CompressedRistretto#CompressedRistretto<[u8;::ristretto,
JacobiPoint::elligator_inv(),"curve25519-dalek::&JacobiPoint#JacobiPoint<(Choice,::lizard::jacobi_quartic",
lemma_u8_32_as_nat_identity(),curve25519-dalek::lemmas::common_lemmas::to_nat_lemmas,
lemma_radix16_even_scalar_step(),curve25519-dalek::lemmas::edwards_lemmas::mul_base_lemmas,
is_inverse(),curve25519-dalek::specs::scalar_specs,
u8_32_as_nat(),curve25519-dalek::specs::core_specs,
FieldElement51::square(),curve25519-dalek::backend::serial::u64::field,
bits_as_nat(),curve25519-dalek::specs::core_specs,
is_valid_lookup_table_affine_coords(),curve25519-dalek::specs::window_specs,
lemma_canonical_montgomery_lift_zero(),curve25519-dalek::lemmas::montgomery_curve_lemmas,
lemma_ct_eq_iff_canonical_nat(),curve25519-dalek::lemmas::field_lemmas::as_bytes_lemmas,
spec_sqrt_ad_minus_one(),curve25519-dalek::specs::ristretto_specs,
RistrettoPoint::batch_invert_vec(),curve25519-dalek::ristretto,
test_elligator_inv(),curve25519-dalek::lizard::lizard_ristretto::test,
partial_product_montgomery(),curve25519-dalek::lemmas::scalar_batch_invert_lemmas,
lemma_from_u8_32_as_nat_0123(),curve25519-dalek::lemmas::field_lemmas::from_bytes_lemmas,
lemma_edwards_d2_limbs_bounded(),curve25519-dalek::lemmas::edwards_lemmas::constants_lemmas,
lemma_binary_sum_mod_decomposition(),curve25519-dalek::lemmas::common_lemmas::pow_lemmas,
lemma_byte_bits_value_full(),curve25519-dalek::lemmas::common_lemmas::bits_as_nat_lemmas,
spec_edwards_from_ristretto_iter(),curve25519-dalek::specs::iterator_specs,
straus_optional_multiscalar_mul(),curve25519-dalek::backend,
lemma_field_mul_zero_right(),curve25519-dalek::lemmas::field_lemmas::field_algebra_lemmas,
axiom_affine_odd_multiples_of_basepoint_valid(),curve25519-dalek::specs::window_specs,
is_valid_naf_lookup_table8_projective(),curve25519-dalek::specs::window_specs,
lemma_bounded_shr_51(),curve25519-dalek::lemmas::field_lemmas::compute_q_lemmas,
is_qr(),curve25519-dalek::lemmas::montgomery_curve_lemmas::test_qr_axioms,
lemma_select_is_signed_scalar_mul(),curve25519-dalek::lemmas::edwards_lemmas::mul_base_lemmas,
lemma_load8_at_limb2(),curve25519-dalek::lemmas::field_lemmas::load8_lemmas,
NafLookupTable8::from(),curve25519-dalek::window,
lemma_foil_sub(),curve25519-dalek::lemmas::field_lemmas::field_algebra_lemmas,
lemma_inverse_unique_core(),curve25519-dalek::specs::field_specs,
lemma_poly_mul_5x5_decomposition(),curve25519-dalek::lemmas::scalar_lemmas_::montgomery_reduce_part1_chain_lemmas,
Scalar::product_of_slice(),curve25519-dalek::scalar_helpers,
Scalar::from_hash_verus(),curve25519-dalek::Scalar<[u8;::scalar,
lemma_is_zero_iff_canonical_nat_zero(),curve25519-dalek::lemmas::field_lemmas::batch_invert_lemmas,
lemma_p_is_odd(),curve25519-dalek::lemmas::common_lemmas::number_theory_lemmas,
lemma_pow2_square(),curve25519-dalek::lemmas::common_lemmas::pow_lemmas,
spec_mul_internal(),curve25519-dalek::specs::scalar52_specs,
lemma_pow2_distributivity_over_word(),curve25519-dalek::lemmas::common_lemmas::pow_lemmas,
seq_from4(),curve25519-dalek::core_assumes,
lemma_load8_at_plus_version_is_spec(),curve25519-dalek::lemmas::field_lemmas::load8_lemmas,
spec_mod_inverse(),curve25519-dalek::lemmas::common_lemmas::number_theory_lemmas,
VartimePrecomputedStraus::optional_mixed_multiscalar_mul(),curve25519-dalek::backend::serial::scalar_mul::precomputed_straus,
RistrettoPoint::sum_of_slice(),curve25519-dalek::ristretto,
lemma_sub_loop1_invariant(),curve25519-dalek::lemmas::scalar_lemmas,
lemma_int_nat_mod_equiv(),curve25519-dalek::lemmas::common_lemmas::div_mod_lemmas,
lemma_backward_loop_acc_invariant(),curve25519-dalek::lemmas::scalar_batch_invert_lemmas,
lemma_u64x4_bit_extraction(),curve25519-dalek::lemmas::scalar_lemmas_::radix_2w_lemmas,
lemma_sign_bit_after_conditional_negate(),curve25519-dalek::lemmas::edwards_lemmas::decompress_lemmas,
collect_points_from_iter(),curve25519-dalek::specs::iterator_specs,
lemma_bounded_product_satisfies_input_bounds(),curve25519-dalek::lemmas::scalar_lemmas_::montgomery_reduce_lemmas,
spec_nonspec_map_to_curve(),curve25519-dalek::specs::edwards_specs,
lemma_affine_to_extended_valid(),curve25519-dalek::lemmas::edwards_lemmas::curve_equation_lemmas,
lemma_add_loop_invariant(),curve25519-dalek::lemmas::scalar_lemmas,
lemma_carry_propagation_setup(),curve25519-dalek::lemmas::field_lemmas::compute_q_lemmas,
lemma_geometric_sum_5_terms(),curve25519-dalek::lemmas::field_lemmas::to_bytes_reduction_lemmas,
lemma_field_element_equal_implies_fe51_to_bytes_equal(),curve25519-dalek::lemmas::field_lemmas::as_bytes_lemmas,
lemma_field_element_reduced(),curve25519-dalek::lemmas::field_lemmas::field_algebra_lemmas,
lemma_nibbles_equal_bytes_prefix(),curve25519-dalek::lemmas::scalar_lemmas_::radix16_lemmas,
lemma_field_mul_distributes_over_add(),curve25519-dalek::lemmas::field_lemmas::field_algebra_lemmas,
lemma_uv7_nonzero(),curve25519-dalek::lemmas::field_lemmas::sqrt_ratio_lemmas,
lemma_5_bytes_scale(),curve25519-dalek::lemmas::field_lemmas::limbs_to_bytes_lemmas,
bits_from_index_to_nat(),curve25519-dalek::specs::core_specs,
lemma_from_bytes_as_bytes_roundtrip(),curve25519-dalek::lemmas::field_lemmas::as_bytes_lemmas,
nat_invsqrt(),curve25519-dalek::specs::field_specs,
vec_to_edwards_iter(),curve25519-dalek::specs::iterator_specs,
lemma_extract_byte_at_index(),curve25519-dalek::lemmas::common_lemmas::to_nat_lemmas,
fe51_as_canonical_nat_sign_bit(),curve25519-dalek::specs::field_specs,
variable_base_mul(),curve25519-dalek::backend,
Neg::neg(),curve25519-dalek::backend::serial::u64::field,
partial_product_nonzeros(),curve25519-dalek::specs::field_specs,
lemma_pm_mp_neg_setup(),curve25519-dalek::lemmas::field_lemmas::field_algebra_lemmas,
lemma_pow2_260_greater_than_2_group_order(),curve25519-dalek::lemmas::scalar_lemmas,
lemma_zero_field_element_value(),curve25519-dalek::lemmas::field_lemmas::constants_lemmas,
Mul::mul(),curve25519-dalek::ristretto,
Scalar::unpack(),curve25519-dalek::scalar,
lemma_edwards_scalar_mul_canonical(),curve25519-dalek::lemmas::edwards_lemmas::curve_equation_lemmas,
montgomery_sub(),curve25519-dalek::specs::montgomery_specs,
lemma_from_u8_32_as_nat_012(),curve25519-dalek::lemmas::field_lemmas::from_bytes_lemmas,
is_valid_naf_lookup_table8_affine_coords(),curve25519-dalek::specs::window_specs,
lemma_from_u8_32_as_nat_01(),curve25519-dalek::lemmas::field_lemmas::from_bytes_lemmas,
EdwardsPoint::add_assign(),curve25519-dalek::edwards,
is_valid_naf(),curve25519-dalek::specs::scalar_specs,
montgomery_ladder_invariant(),curve25519-dalek::specs::montgomery_specs,
lemma_bridge_pow_as_nat_to_spec(),curve25519-dalek::lemmas::field_lemmas::u64_5_as_nat_lemmas,
lemma_edwards_add_identity_right_canonical(),curve25519-dalek::lemmas::edwards_lemmas::curve_equation_lemmas,
lemma_elligator_never_minus_one(),curve25519-dalek::lemmas::montgomery_curve_lemmas,
NafLookupTable5::from(),curve25519-dalek::window,
RistrettoPoint::double_and_compress_batch_verus(),curve25519-dalek::ristretto,
MultiscalarMul::multiscalar_mul(),curve25519-dalek::traits,
compressed_edwards_y_from_array_result(),curve25519-dalek::core_assumes,
BatchCompressState::from(),curve25519-dalek::ristretto,
lemma_rr_limbs_bounded(),curve25519-dalek::lemmas::scalar_lemmas,
lemma_load8_at_rec_version_is_exec(),curve25519-dalek::lemmas::field_lemmas::load8_lemmas,
lemma_edwards_scalar_mul_additive(),curve25519-dalek::lemmas::edwards_lemmas::curve_equation_lemmas,
axiom_sqrt_m1_not_square(),curve25519-dalek::lemmas::field_lemmas::sqrt_m1_lemmas,
spec_affine_niels_point(),curve25519-dalek::specs::edwards_specs,
lemma_reconstruct_zero_extend(),curve25519-dalek::lemmas::scalar_lemmas_::naf_lemmas,
RistrettoBasepointTable::basepoint(),curve25519-dalek::ristretto,
words_as_nat_gen(),curve25519-dalek::specs::core_specs,
lemma_pow2_plus_one(),curve25519-dalek::lemmas::common_lemmas::pow_lemmas,
RistrettoPoint::vartime_double_scalar_mul_basepoint(),curve25519-dalek::ristretto,
ProjectiveNielsPoint::identity(),curve25519-dalek::backend::serial::curve_models,
EdwardsPoint::is_valid(),curve25519-dalek::edwards,
Scalar::from_bytes_mod_order(),curve25519-dalek::Scalar<[u8;::scalar,
ProjectivePoint::as_affine(),curve25519-dalek::montgomery,
fe51_as_canonical_nat(),curve25519-dalek::specs::field_specs,
pippenger_optional_multiscalar_mul(),curve25519-dalek::backend,
lemma_edwards_affine_when_z_is_one(),curve25519-dalek::lemmas::edwards_lemmas::curve_equation_lemmas,
is_valid_affine_niels_point(),curve25519-dalek::specs::edwards_specs,
projective_point_as_affine_edwards(),curve25519-dalek::specs::edwards_specs,
point_limbs_bounded(),curve25519-dalek::specs::edwards_specs::eight_torsion_tests,
axiom_uniform_mod_reduction(),curve25519-dalek::specs::proba_specs,
five_u64_limbs_to_nat(),curve25519-dalek::specs::scalar52_specs,
lemma_euclid_prime_helper(),curve25519-dalek::lemmas::common_lemmas::number_theory_lemmas,
VartimePrecomputedMultiscalarMul::vartime_multiscalar_mul(),curve25519-dalek::traits,
lemma_montgomery_reduce_post_sub(),curve25519-dalek::lemmas::scalar_lemmas_::montgomery_reduce_lemmas,
Scalar52::conditional_add_l(),curve25519-dalek::&mut::backend::serial::u64::scalar,
lemma_high_limbs_encode_high_expr(),curve25519-dalek::lemmas::scalar_lemmas_extra,
lemma_div_mul_cancel(),curve25519-dalek::lemmas::field_lemmas::field_algebra_lemmas,
FieldElement51::pow22501(),"curve25519-dalek::&FieldElement51#FieldElement51<(FieldElement,::field",
u64_5_bounded(),curve25519-dalek::specs::field_specs,
lemma_cancel_mul_L_mod_R(),curve25519-dalek::lemmas::scalar_lemmas,
NafLookupTable8::select(),curve25519-dalek::window,
lemma_sub_neg_eq_add(),curve25519-dalek::lemmas::field_lemmas::field_algebra_lemmas,
lemma_identity_affine_niels_is_identity(),curve25519-dalek::lemmas::edwards_lemmas::curve_equation_lemmas,
lemma_mul_si_vi_and_reorder(),curve25519-dalek::lemmas::common_lemmas::mul_lemmas,
binomial(),curve25519-dalek::lemmas::common_lemmas::number_theory_lemmas,
Scalar52::as_montgomery(),curve25519-dalek::backend::serial::u64::scalar,
c2_0_val(),curve25519-dalek::lemmas::field_lemmas::pow2k_lemmas,
bytes_seq_as_nat(),curve25519-dalek::specs::core_specs,
limb3_byte_contribution(),curve25519-dalek::lemmas::field_lemmas::limbs_to_bytes_lemmas,
from_bytes_non_canonical_example(),curve25519-dalek::backend::serial::u64::scalar::test,
lemma_zero_limbs_is_zero(),curve25519-dalek::lemmas::montgomery_lemmas,
bits_as_nat_rec(),curve25519-dalek::specs::core_specs,
RistrettoPoint::coset4(),curve25519-dalek::&RistrettoPoint#RistrettoPoint<[EdwardsPoint;::ristretto,
lemma_cancellation_mod_prime(),curve25519-dalek::lemmas::common_lemmas::number_theory_lemmas,
test_basepoint_on_curve(),curve25519-dalek::specs::edwards_specs::basepoint_on_curve_tests,
EdwardsPoint::mul_by_cofactor(),curve25519-dalek::edwards,
lemma_carry_preserves_reconstruction(),curve25519-dalek::lemmas::scalar_lemmas_::radix16_lemmas,
EdwardsPoint::is_identity_spec(),curve25519-dalek::edwards,
lemma_canonical_product_satisfies_canonical_bound(),curve25519-dalek::lemmas::scalar_lemmas_::montgomery_reduce_lemmas,
lemma_words64_from_bytes_to_nat_wide(),curve25519-dalek::lemmas::common_lemmas::to_nat_lemmas,
lemma_pow2_mul_mod(),curve25519-dalek::lemmas::common_lemmas::pow_lemmas,
Scalar::invert(),curve25519-dalek::scalar,
lemma_decompress_field_element_sign_bit(),curve25519-dalek::lemmas::edwards_lemmas::decompress_lemmas,
is_uniform_field_element(),curve25519-dalek::specs::proba_specs,
lemma_limb4_contribution_correctness(),curve25519-dalek::lemmas::field_lemmas::limbs_to_bytes_lemmas,
lemma_fermat_for_p(),curve25519-dalek::specs::field_specs,
axiom_sqrt_m1_squared(),curve25519-dalek::lemmas::field_lemmas::sqrt_m1_lemmas,
lemma_product_of_multiples_mod_eq_factorial(),curve25519-dalek::lemmas::common_lemmas::number_theory_lemmas,
lemma_sub_loop2_invariant(),curve25519-dalek::lemmas::scalar_lemmas,
lemma_pow2_geometric_double(),curve25519-dalek::lemmas::common_lemmas::pow_lemmas,
lemma_field_element51_eq_from_limbs_eq(),curve25519-dalek::lemmas::field_lemmas::add_lemmas,
CompressedEdwardsY::as_bytes(),curve25519-dalek::&CompressedEdwardsY#CompressedEdwardsY<[u8;::edwards,
c4_val(),curve25519-dalek::lemmas::field_lemmas::pow2k_lemmas,
spec_gcd(),curve25519-dalek::lemmas::common_lemmas::number_theory_lemmas,
lemma_field_mul_zero_left(),curve25519-dalek::lemmas::field_lemmas::field_algebra_lemmas,
FieldElement51::sub_assign(),curve25519-dalek::backend::serial::u64::field,
lemma_invert_correctness(),curve25519-dalek::lemmas::scalar_lemmas,
lemma_pm_plus_mp(),curve25519-dalek::lemmas::field_lemmas::field_algebra_lemmas,
sqrt_m1(),curve25519-dalek::specs::field_specs,
VartimeEdwardsPrecomputation::optional_mixed_multiscalar_mul(),curve25519-dalek::edwards,
axiom_uniform_elligator_sum(),curve25519-dalek::specs::proba_specs,
lemma_add_loop_bounds(),curve25519-dalek::lemmas::scalar_lemmas,
lemma_byte_from_limb_shift_52(),curve25519-dalek::lemmas::scalar_byte_lemmas::scalar_to_bytes_lemmas,
lemma_edwards_d_limbs_bounded_54(),curve25519-dalek::lemmas::edwards_lemmas::constants_lemmas,
lemma_digits_count_radix_bounds(),curve25519-dalek::lemmas::scalar_lemmas_::radix_2w_lemmas,
spec_projective_to_extended(),curve25519-dalek::specs::edwards_specs,
lemma_pow_mod_one(),curve25519-dalek::lemmas::common_lemmas::pow_lemmas,
lemma_eq_neg_times_i_implies_zero(),curve25519-dalek::lemmas::field_lemmas::sqrt_ratio_lemmas,
axiom_sqrt_m1_limbs_bounded(),curve25519-dalek::lemmas::field_lemmas::sqrt_m1_lemmas,
lemma_p_radix_representation(),curve25519-dalek::lemmas::field_lemmas::to_bytes_reduction_lemmas,
projective_represents_montgomery_or_infinity_nat(),curve25519-dalek::specs::montgomery_specs,
spec_completed_to_extended(),curve25519-dalek::specs::edwards_specs,
lemma_fermat_little_theorem(),curve25519-dalek::lemmas::common_lemmas::number_theory_lemmas,
EdwardsPoint::neg(),curve25519-dalek::edwards,
identity_projective_niels(),curve25519-dalek::specs::edwards_specs,
Scalar::from_canonical_bytes(),curve25519-dalek::Scalar<[u8;::scalar,
lemma_field_neg_nonzero(),curve25519-dalek::lemmas::field_lemmas::field_algebra_lemmas,
CompressedEdwardsY::decompress(),curve25519-dalek::edwards,
axiom_486660_not_quadratic_residue(),curve25519-dalek::lemmas::montgomery_curve_lemmas,
try_into_32_bytes_array(),curve25519-dalek::core_assumes,
Add::add(),curve25519-dalek::backend::serial::curve_models,
lemma_field_add_canonical_left(),curve25519-dalek::lemmas::field_lemmas::field_algebra_lemmas,
mul_c0_val(),curve25519-dalek::lemmas::field_lemmas::mul_lemmas,
straus_optional_multiscalar_mul_verus(),curve25519-dalek::backend,
lemma_spec_mul_internal_commutative(),curve25519-dalek::lemmas::scalar_lemmas,
affine_niels_corresponds_to_edwards(),curve25519-dalek::specs::edwards_specs,
limb4_byte_contribution_52(),curve25519-dalek::lemmas::scalar_byte_lemmas::scalar_to_bytes_lemmas,
EdwardsBasepointTable::basepoint(),curve25519-dalek::edwards,
lemma_naf_high_bits_zero(),curve25519-dalek::lemmas::scalar_lemmas_::naf_lemmas,
lemma_projective_affine_product_factor(),curve25519-dalek::lemmas::edwards_lemmas::niels_addition_correctness,
lemma_ladder_invariant_swap(),curve25519-dalek::lemmas::montgomery_lemmas,
choice_and(),curve25519-dalek::backend::serial::u64::subtle_assumes,
lemma_reduce_boundaries(),curve25519-dalek::lemmas::field_lemmas::reduce_lemmas,
ProjectivePoint::is_valid(),curve25519-dalek::backend::serial::curve_models,
collect_optional_edwards_from_ristretto_iter(),curve25519-dalek::specs::iterator_specs,
elligator_encode(),curve25519-dalek::montgomery,
MontgomeryPoint::eq(),curve25519-dalek::montgomery,
lemma_limb0_contribution_correctness_52(),curve25519-dalek::lemmas::scalar_byte_lemmas::scalar_to_bytes_lemmas,
FieldElement51::zeroize(),curve25519-dalek::backend::serial::u64::field,
lemma_mod_add_eq(),curve25519-dalek::lemmas::common_lemmas::div_mod_lemmas,
lemma_one_field_element_value(),curve25519-dalek::lemmas::field_lemmas::constants_lemmas,
Scalar::from(),curve25519-dalek::scalar,
is_inverse_of_nat(),curve25519-dalek::specs::scalar_specs,
NafLookupTable5::clone(),curve25519-dalek::window,
Scalar::sum(),curve25519-dalek::scalar,
seq_to_nat_52(),curve25519-dalek::specs::scalar52_specs,
lemma_field_sub_antisymmetric(),curve25519-dalek::lemmas::field_lemmas::field_algebra_lemmas,
lemma_pow2_mul_bound_general(),curve25519-dalek::lemmas::common_lemmas::pow_lemmas,
lemma_montgomery_scalar_mul_zero_point_closed(),curve25519-dalek::lemmas::montgomery_curve_lemmas,
